,FIPS,County,FIPSTATE,State,NERC,sector,Emp,POP,rho_eff_min,rho_eff_max,rho_eff_avg,burden_min,burden_max,burden_avg,tonCO2e_eff_min,tonCO2e_eff_max,tonCO2e_eff_avg,tonCO2e_eff_min_emp,burden_min_emp,tonCO2e_eff_max_emp,burden_max_emp,tonCO2e_eff_avg_emp,burden_avg_emp,tonCO2e_eff_min_log10,tonCO2e_eff_percapita_min,tonCO2e_eff_percapita_min_log10,lbCO2e_eff_percapita_min,lbCO2e_eff_percapita_min_log10,tonCO2e_eff_peremp_min,tonCO2e_eff_peremp_min_log10,burden_min_log10,burden_percapita_min,burden_percapita_min_log10,burden_peremp_min,burden_peremp_min_log10,tonCO2e_eff_max_log10,tonCO2e_eff_percapita_max,tonCO2e_eff_percapita_max_log10,lbCO2e_eff_percapita_max,lbCO2e_eff_percapita_max_log10,tonCO2e_eff_peremp_max,tonCO2e_eff_peremp_max_log10,burden_max_log10,burden_percapita_max,burden_percapita_max_log10,burden_peremp_max,burden_peremp_max_log10,tonCO2e_eff_avg_log10,tonCO2e_eff_percapita_avg,tonCO2e_eff_percapita_avg_log10,lbCO2e_eff_percapita_avg,lbCO2e_eff_percapita_avg_log10,tonCO2e_eff_peremp_avg,tonCO2e_eff_peremp_avg_log10,burden_avg_log10,burden_percapita_avg,burden_percapita_avg_log10,burden_peremp_avg,burden_peremp_avg_log10,tonneCO2e_eff_peremp_avg,tonneCO2e_eff_peremp_avg_log10,ECF_std_dev
0,01043,cullman,01,AL,SERC,coal,,83442.0,0.4722461665302715,0.7932013205112058,0.6327237435207387,1763355.9447171935,2961794.8498292463,2362575.39727322,8419.428982472662,14141.569927216227,11280.499454844445,0.0,0.0,0.0,0.0,0.0,0.0,3.925282638035218,0.10090157213960191,-0.9961020670015953,201.80314427920382,2.304927928662386,,,6.246339986277496,21.132714277188867,1.324955281240682,,,4.1504976253646975,0.16947784002320446,-0.7708870796721164,338.95568004640893,2.5301429159918647,,,6.471554973606975,35.495252388835915,1.5501702685701608,,,4.052328328874351,0.13518970608140318,-0.8690563761624626,270.3794121628064,2.4319736195015187,,,6.373385677116628,28.313983333012395,1.4520009720798148,,,,,
2,01057,fayette,01,AL,SERC,coal,,16433.0,0.6592396957799178,0.8844451416482516,0.7718424187140848,4344695.562327895,5828903.973228674,5086799.767778286,20744.453691878134,27831.047495134262,24287.7505935062,0.0,0.0,0.0,0.0,0.0,0.0,4.316902002108987,1.2623655870430313,0.10118514685946262,2524.7311740860623,3.4022151425234437,,,6.637959350351263,264.38845994814676,2.42224249510174,,,4.444529552463955,1.6936072229741534,0.228812697214431,3387.214445948307,3.5298426928784123,,,6.765586900706232,354.70723381176134,2.549870045456708,,,4.385387294547232,1.4779864050085925,0.169670439297708,2955.972810017185,3.4707004349616892,,,6.706444642789509,309.5478468799541,2.4907277875399854,,,,,
3,01071,jackson,01,AL,SERC,coal,,51736.0,0.47224616653027146,0.793201320511206,0.6327237435207387,5290067.834151581,8885384.54948774,7087726.191819661,25258.286947417986,42424.709781648686,33841.498364533334,0.0,0.0,0.0,0.0,0.0,0.0,4.402403892754881,0.4882149170291091,-0.31138895518417953,976.4298340582181,2.9896410404798015,,,6.723461240997158,102.25119518616788,2.0096683930580976,,,4.62761888008436,0.82002299717119,-0.0861739678547006,1640.04599434238,3.214856027809281,,,6.948676228326637,171.74471450223712,2.2348833803875765,,,4.529449583594014,0.6541189571001494,-0.18434326434504678,1308.237914200299,3.1166867313189344,,,6.850506931836291,136.99795484420252,2.1367140838972305,,,,,
9,04005,coconino,04,AZ,WECC,coal,,142854.0,0.6618368415724488,0.8852346107046706,0.7735357261385596,2491366.9025032106,3332308.0123796775,2911837.4574414436,11895.435387137779,15910.645120747282,13903.040253942529,0.0,0.0,0.0,0.0,0.0,0.0,4.075380342360758,0.08326987964731669,-1.079512063041282,166.53975929463337,2.221517932622699,,,6.396437690603036,17.439951996466398,1.2415452852009952,,,4.201687789118651,0.11137696613848602,-0.9532046162833894,222.75393227697205,2.3478253793805917,,,6.522745137360928,23.326669273381757,1.3678527319588878,,,4.14310978019183,0.09732342289290134,-1.01178262521021,194.6468457858027,2.2892473704537712,,,6.464167128434108,20.383310634924072,1.3092747230320672,,,,,
10,04007,gila,04,AZ,WECC,coal,,53889.0,0.46576620681550845,0.7899022917116558,0.6278342492635821,1992973.1074390756,3379923.235842211,2686448.1716406434,9515.773370845032,16137.99172857674,12826.882549710886,0.0,0.0,0.0,0.0,0.0,0.0,3.97844409026272,0.17658099743630484,-0.7530560343518354,353.1619948726097,2.5479739613121457,,,6.299501438504998,36.98292986396251,1.5680013138904418,,,4.207849488535756,0.2994672702884956,-0.5236506360787991,598.9345405769913,2.777379359585182,,,6.528906836778034,62.72009567522521,1.7974067121634782,,,4.108121118107587,0.23802413386240023,-0.623379006506968,476.04826772480044,2.677650989157013,,,6.429178466349865,49.85151276959386,1.6976783417353094,,,,,
12,05029,conway,05,AR,SERC,coal,,20891.0,0.6452487463824172,0.8776387464623937,0.7614437464224054,1675050.2063013264,2278329.049939134,1976689.6281202303,7997.798910810391,10878.251604353987,9438.025257582189,0.0,0.0,0.0,0.0,0.0,0.0,3.9029704804397505,0.3828346613762094,-0.416988748630431,765.6693227524188,2.8840412470335504,,,6.224027828682027,80.1804703605058,1.9040685996118463,,,4.036559099443198,0.5207147386125119,-0.28340012962698363,1041.429477225024,3.0176298660369976,,,6.357616447685475,109.05792206879202,2.0376572186152937,,,3.974881135246165,0.45177469999436065,-0.34507809382401655,903.5493999887213,2.9559519018399647,,,6.295938483488442,94.61919621464891,1.9759792544182608,,,,,
13,06009,calaveras,06,CA,WECC,coal,,45602.0,0.6197649109726338,0.8648469474004664,0.74230592918655,2074249.0074691703,2894497.3981229,2484373.202796035,9903.83833886241,13820.247328089004,11862.042833475705,0.0,0.0,0.0,0.0,0.0,0.0,3.995803542710675,0.2171799118210256,-0.6631803475396448,434.3598236420512,2.637849648124336,,,6.3168608909529524,45.4859218338926,1.6578770007026324,,,4.140515815271402,0.303062307093746,-0.5184680749789182,606.1246141874919,2.782561920685063,,,6.4615731635136795,63.47303622917636,1.802589273263359,,,4.074159487924306,0.26012110945738576,-0.5848244023260143,520.2422189147716,2.7162055933379667,,,6.395216836166583,54.479479031534474,1.736232945916263,,,,,
14,06089,shasta,06,CA,WECC,coal,,180040.0,0.43206659301234596,0.7735306920516075,0.6027986425319767,2397441.232652981,4292149.41825907,3344795.325456026,11446.972041263496,20493.563603796007,15970.26782252975,0.0,0.0,0.0,0.0,0.0,0.0,4.058690622074947,0.06358016019364306,-1.1966783821914948,127.16032038728612,2.1043516134724864,,,6.379747970317224,13.316158812780387,1.1243789660507824,,,4.311617483969599,0.11382783605752059,-0.9437515202968425,227.65567211504117,2.3572784753671385,,,6.632674832211876,23.83997677326744,1.3773058279454347,,,4.2033121993489715,0.08870399812558181,-1.0520568049174701,177.40799625116364,2.2489731907465114,,,6.524369547591249,18.578067793023916,1.2690005433248073,,,,,
15,08005,arapahoe,08,CO,WECC,coal,,651215.0,0.6747603733593776,0.891497233099618,0.7831288032294978,3032758.925957808,4006898.297374623,3519828.611666215,14480.399419390607,19131.585858093327,16805.99263874197,0.0,0.0,0.0,0.0,0.0,0.0,4.160780541366991,0.02223597340262526,-1.6529438541109012,44.47194680525052,1.6480861415530799,,,6.4818378896092685,4.657077809875092,0.6681134941313761,,,4.281750971118415,0.02937829420098328,-1.5319734243594778,58.75658840196656,1.7690565713045034,,,6.602808319360692,6.152957621330318,0.7890839238827996,,,4.225464168980243,0.025807133801804272,-1.5882602264976495,51.614267603608546,1.7127697691663317,,,6.54652151722252,5.405017715602704,0.7327971217446279,,,,,
16,08029,delta,08,CO,WECC,coal,,30953.0,0.6747603733593776,0.891497233099618,0.7831288032294978,3032758.925957808,4006898.297374623,3519828.611666215,14480.399419390607,19131.585858093327,16805.99263874197,0.0,0.0,0.0,0.0,0.0,0.0,4.160780541366991,0.467818932555507,-0.3299222063447257,935.637865111014,2.9711077893192557,,,6.4818378896092685,97.97948263359957,1.9911351418975516,,,4.281750971118415,0.6180850275609255,-0.20895177659330225,1236.170055121851,3.092078219070679,,,6.602808319360692,129.45104827882994,2.112105571648975,,,4.225464168980243,0.5429519800582163,-0.2652385787314739,1085.9039601164327,3.0357914169325073,,,6.54652151722252,113.71526545621475,2.0558187695108034,,,,,
17,08031,denver,08,CO,WECC,coal,,716492.0,0.4833398575790392,0.7984397419194391,0.6408897997492392,2121563.38306845,3504657.216823672,2813110.2999460604,10129.748499769861,16733.55435319643,13431.651426483146,0.0,0.0,0.0,0.0,0.0,0.0,4.005598662880709,0.014137978511651017,-1.84961268275949,28.275957023302034,1.4514173129044912,,,6.326656011122987,2.961042667703826,0.47144466548278724,,,4.223588198704621,0.023354837671874115,-1.6316231469355789,46.70967534374823,1.6694068487284024,,,6.5446455469468985,4.8914115116758765,0.6894342013066985,,,4.128129412617841,0.01874640809176257,-1.7270819330223588,37.492816183525136,1.5739480626416225,,,6.449186760860118,3.9262270896898506,0.5939754152199185,,,,,
20,08071,las animas,08,CO,WECC,coal,,14503.0,0.6747603733593776,0.891497233099618,0.7831288032294978,3032758.925957808,4006898.297374623,3519828.611666215,14480.399419390607,19131.585858093327,16805.99263874197,0.0,0.0,0.0,0.0,0.0,0.0,4.160780541366991,0.998441661683142,-0.000677305604759918,1996.883323366284,3.3003526900592215,,,6.4818378896092685,209.1125233370894,2.320380042637517,,,4.281750971118415,1.3191467874297267,0.1202931241466635,2638.293574859453,3.4213231198106446,,,6.602808319360692,276.28065209781585,2.4413504723889408,,,4.225464168980243,1.1587942245564344,0.06400632200849188,2317.588449112869,3.365036317672473,,,6.54652151722252,242.69658771745262,2.3850636702507693,,,,,
21,08077,mesa,08,CO,WECC,coal,,153207.0,0.4833398575790392,0.7984397419194391,0.6408897997492392,4243126.7661369,7009314.433647344,5626220.599892121,20259.496999539722,33467.10870639286,26863.30285296629,0.0,0.0,0.0,0.0,0.0,0.0,4.306628658544691,0.13223610539687952,-0.8786499500412045,264.472210793759,2.4223800456227766,,,6.627686006786968,27.69538445460651,1.4424073982010728,,,4.524618194368602,0.21844373107229342,-0.6606604142172933,436.88746214458683,2.640369581446688,,,6.84567554261088,45.75061474767696,1.660396934024984,,,4.429159408281822,0.17533991823458647,-0.7561192003040732,350.6798364691729,2.544910795359908,,,6.750216756524099,36.72299960114173,1.564938147938204,,,,,
23,08085,montrose,08,CO,WECC,coal,,42214.0,0.4833398575790392,0.7984397419194391,0.6408897997492392,2121563.38306845,3504657.216823672,2813110.2999460604,10129.748499769861,16733.55435319643,13431.651426483146,0.0,0.0,0.0,0.0,0.0,0.0,4.005598662880709,0.2399618254552959,-0.6198578429250039,479.9236509105918,2.681172152738977,,,6.326656011122987,50.25734076534917,1.7011995053172733,,,4.223588198704621,0.39639821749174275,-0.4018683071010928,792.7964349834855,2.8991616885628884,,,6.5446455469468985,83.02120663343138,1.9191890411411845,,,4.128129412617841,0.31818002147351937,-0.4973270931878727,636.3600429470388,2.8037029024761084,,,6.449186760860118,66.63927369939026,1.8237302550544046,,,,,
26,12011,broward,12,FL,SERC,coal,,1951260.0,0.4625248317382663,0.7884613128024427,0.6254930722703544,1658860.642086808,2827842.63647105,2243351.639278929,7920.499210446618,13501.993356874249,10711.246283660434,0.0,0.0,0.0,0.0,0.0,0.0,3.8987525550124476,0.004059171617542828,-2.391562586776766,8.118343235085655,0.9094674088872154,,,6.219809903254725,0.8501484384893905,-0.07050523853448848,,,4.130397889975304,0.006919628013116781,-2.159917251813909,13.839256026233562,1.141112743850072,,,6.451455238217582,1.449239279476364,0.1611400964283682,,,4.029840005157455,0.005489399815329804,-2.2604751366317584,10.978799630659609,1.040554859032223,,,6.350897353399732,1.1496938589828773,0.060582211610519056,,,,,
27,12021,collier,12,FL,SERC,coal,,378488.0,0.4625248317382663,0.7884613128024427,0.6254930722703544,1658860.642086808,2827842.63647105,2243351.639278929,7920.499210446618,13501.993356874249,10711.246283660434,0.0,0.0,0.0,0.0,0.0,0.0,3.8987525550124476,0.02092668515368154,-1.6792995596918128,41.85337030736308,1.6217304359721685,,,6.219809903254725,4.382861919233392,0.6417577885504644,,,4.130397889975304,0.035673504462160624,-1.447654224728956,71.34700892432124,1.8533757709350251,,,6.451455238217582,7.471419533700011,0.8734031235133212,,,4.029840005157455,0.02830009480792108,-1.5482121095468053,56.600189615842154,1.752817886117176,,,6.350897353399732,5.927140726466702,0.7728452386954721,,,,,
28,16079,shoshone,16,ID,WECC,coal,,12796.0,0.4409873724849438,0.7778644933537233,0.6094259329193336,1065631.6252044435,1879684.2176465276,1472657.9214254858,5088.031044874871,8974.85719055308,7031.444117713976,0.0,0.0,0.0,0.0,0.0,0.0,3.706549752517857,0.39762668371951165,-0.4005244788942129,795.2533674390234,2.900505516769768,,,6.027607100760134,83.27849524886241,1.9205328693480643,,,3.953027546738022,0.701379899230469,-0.15404668467404753,1402.7597984609379,3.1469833109899334,,,6.274084894980299,146.89623457694026,2.1670106635682296,,,3.8470445295640165,0.5495032914749903,-0.26002970184805313,1099.0065829499806,3.041000293815928,,,6.1681018778062935,115.08736491290135,2.061027646394224,,,,,
30,17057,fulton,17,IL,SERC,coal,,34844.0,0.4931405730500428,0.8033891856647855,0.6482648793574141,1781819.6420778271,2902812.523408331,2342316.0827430794,8507.586900417387,13859.949242515746,11183.768071466566,0.0,0.0,0.0,0.0,0.0,0.0,3.9298063938746934,0.24416217714434013,-0.6123216111926214,488.32435428868024,2.6887083844713597,,,6.250863742116971,51.13705780271574,1.7087357370496559,,,4.141761639818667,0.3977714740705931,-0.40036636524864755,795.5429481411862,2.9006636304153335,,,6.462818988060945,83.30881998072354,1.9206909829936298,,,4.048588152113456,0.3209668256074666,-0.4935398529538595,641.9336512149332,2.8074901427101215,,,6.369645500355733,67.22293889171965,1.827517495288418,,,,,
31,17059,gallatin,17,IL,SERC,coal,,5058.0,0.4931405730500428,0.8033891856647855,0.6482648793574141,1781819.6420778271,2902812.523408331,2342316.0827430794,8507.586900417387,13859.949242515746,11183.768071466566,0.0,0.0,0.0,0.0,0.0,0.0,3.9298063938746934,1.6820061092165652,0.22582756886630756,3364.0122184331303,3.526857564530289,,,6.250863742116971,352.2775093075973,2.546884917108585,,,4.141761639818667,2.7402034880418635,0.4377828148102814,5480.406976083727,3.7388128104742626,,,6.462818988060945,573.905204311651,2.7588401630525587,,,4.048588152113456,2.211104798629214,0.3446093271050695,4422.209597258428,3.6456393227690507,,,6.369645500355733,463.09135680962424,2.665666675347347,,,,,
33,17107,logan,17,IL,SERC,coal,,28925.0,0.8220529332615976,0.8672178155729611,0.8446353744172794,650750.1126181365,686503.3482813097,668626.7304497231,3107.1119673476915,3277.8215903602895,3192.466778853991,0.0,0.0,0.0,0.0,0.0,0.0,3.4923569036975532,0.10741960129119071,-0.9689164639262341,214.83920258238143,2.3321135317377473,,,5.813414251939831,22.497843132865565,1.3521408843160432,,,3.5155853115192084,0.11332140329681209,-0.945688056104579,226.6428065936242,2.3553419395594024,,,5.836642659761486,23.733910052940697,1.3753692921376983,,,3.5041263866447836,0.11037050229400142,-0.9571469809790037,220.74100458800282,2.3438830146849776,,,5.8251837348870605,23.11587659290313,1.3639103672632735,,,,,
42,17193,white,17,IL,SERC,coal,,13665.0,0.6763977363166174,0.8927922810159782,0.7845950086662978,2737161.8498771726,3612840.25693112,3175001.053404147,13069.023232442363,17250.09182597464,15159.557529208501,0.0,0.0,0.0,0.0,0.0,0.0,4.1162431299973505,0.956386625132994,-0.019366506031328647,1912.773250265988,3.2816634896326526,,,6.437300478239628,200.3045627425666,2.3016908422109488,,,4.236791411259029,1.2623557867526263,0.10118177523034891,2524.7115735052525,3.40221177089433,,,6.557848759501305,264.3864073861047,2.422239123472626,,,4.180686525476278,1.1093712059428102,0.045076889447599,2218.7424118856206,3.3461068851115803,,,6.5017438737185556,232.34548506433566,2.3661342376898764,,,,,
52,18163,vanderburgh,18,IN,RFC,coal,,180974.0,0.6758642051240923,0.89147935025629,0.7836717776901911,2594875.711027489,3422696.5939672515,3008786.1524973707,12389.65498304035,16342.220064979581,14365.937524009965,0.0,0.0,0.0,0.0,0.0,0.0,4.093059212667588,0.06846096667499392,-1.1645569728777843,136.92193334998785,2.136473022786197,,,6.414116560909865,14.338389553347382,1.1565003753644931,,,4.213311054428782,0.09030148012962957,-1.044305131116589,180.60296025925913,2.256724864547392,,,6.53436840267106,18.91264266672147,1.2767522171256882,,,4.157333973399193,0.07938122340231174,-1.1002822121461788,158.7624468046235,2.2007477835178024,,,6.47839132164147,16.62551611003443,1.2207751360960983,,,,,
53,18167,vigo,18,IN,RFC,coal,,107386.0,0.4786388075596116,0.7959762105114211,0.6373075090355164,1892204.4810436289,3146735.5520399497,2519470.0165417893,9034.637218986678,15024.59930815121,12029.618263568944,0.0,0.0,0.0,0.0,0.0,0.0,3.955910718385005,0.0841323563498657,-1.075036947344782,168.2647126997314,2.225993048319199,,,6.2769680666272825,17.620588168323888,1.2460204008974953,,,4.176802898606271,0.13991208638138314,-0.8541447671235163,279.8241727627663,2.4468852285404648,,,6.497860246848548,29.30303346842186,1.4669125811187609,,,4.080251846071684,0.11202222136562442,-0.9506958196581029,224.04444273124884,2.350334176005878,,,6.401309194313962,23.46181081837287,1.3703615285841741,,,,,
56,21019,boyd,21,KY,SERC,coal,,47240.0,0.5690564500663017,0.8404349304158232,0.7047456902410624,9409267.791307436,13896472.521364007,11652870.156335723,44926.075295981005,66350.96212482022,55638.51871040061,0.0,0.0,0.0,0.0,0.0,0.0,4.652498480650732,0.9510176819640348,-0.021811408290745023,1902.0353639280695,3.279218587373236,,,6.9735558288930095,199.1800971910973,2.299245939951532,,,4.821847224750881,1.4045504260122823,0.14753733580940387,2809.1008520245646,3.448567331473385,,,7.142904572993158,294.16749621854376,2.468594684051681,,,4.745375559054325,1.1777840539881586,0.0710656701128471,2355.568107976317,3.372095665776828,,,7.066432907296601,246.67379670482055,2.3921230183551243,,,,,
58,21051,clay,21,KY,SERC,coal,,20105.0,0.5651136778933774,0.8385132619696014,0.7018134699314895,4553797.5569643555,6756905.368267909,5655351.462616133,21742.84508257232,32261.940681830878,27002.392882201602,0.0,0.0,0.0,0.0,0.0,0.0,4.337316371526629,1.081464565161518,0.034012294087699665,2162.929130323036,3.335042289751681,,,6.658373719768907,226.50074891640665,2.355069642329977,,,4.508690488349288,1.6046725034484397,0.20538641091035786,3209.3450068968796,3.5064164065743393,,,6.829747836591565,336.08084398248735,2.526443759152635,,,4.431402251917815,1.343068534304979,0.128098174478885,2686.137068609958,3.429128170142866,,,6.752459600160092,281.29079644944704,2.449155522721162,,,,,
60,21067,fayette,21,KY,SERC,coal,,323780.0,0.6135296074421863,0.8621363755124177,0.7378329914773021,9749160.611669118,13699593.128152113,11724376.869910616,46548.94869897196,65410.92952718961,55979.939113080785,0.0,0.0,0.0,0.0,0.0,0.0,4.667909876952354,0.14376721446343801,-0.84234014177662,287.53442892687605,2.4586898538873614,,,6.9889672251946315,30.110447253286544,1.4787172064656573,,,4.815650320751915,0.2020227609092273,-0.6945996979770593,404.0455218184546,2.606430297686922,,,7.136707668994192,42.31142481979157,1.626457650265218,,,4.748032421767381,0.17289498768633266,-0.7622175969615925,345.7899753726653,2.5388123987023885,,,7.069089770009659,36.21093603653906,1.5588397512806849,,,,,
63,21101,henderson,21,KY,SERC,coal,,45591.0,0.5342560350290875,0.8239136327153807,0.6790848338722342,6774458.2604199,10447366.335725887,8610912.298072893,32345.74981257016,49882.64518065119,41114.19749661068,0.0,0.0,0.0,0.0,0.0,0.0,4.5098172230507005,0.7094766469823026,-0.14906189513763837,1418.9532939646053,3.151968100526343,,,6.830874571292978,148.59200851966176,2.171995453104639,,,4.69794947521751,1.094133604892439,0.03907035702917048,2188.267209784878,3.3401003526931516,,,7.0190068234597875,229.15413866170707,2.3601277052714478,,,4.613991817732841,0.9018051259373709,-0.044887300455498436,1803.6102518747418,3.256142695208483,,,6.935049165975118,188.8730735906844,2.276170047786779,,,,,
68,21125,laurel,21,KY,SERC,coal,,60669.0,0.5335841357957184,0.8231293591948932,0.6783567474953057,13019827.173152663,20084933.713187434,16552380.443170048,62165.276713889645,95898.7738819648,79032.02529792722,0.0,0.0,0.0,0.0,0.0,0.0,4.793547871147785,1.024662953302175,0.010581034569668732,2049.3259066043497,3.31161103023365,,,7.114605219390063,214.60428181035888,2.331638382811946,,,4.981813054514762,1.5806882243314508,0.19884621793664575,3161.3764486629016,3.499876213600627,,,7.302870402757039,331.05760294693226,2.519903566178923,,,4.897803111439968,1.302675588816813,0.11483627486185215,2605.351177633626,3.4158662705258336,,,7.218860459682245,272.83094237864555,2.4358936231041293,,,,,
70,21129,lee,21,KY,SERC,coal,,7033.0,0.47224616653027146,0.7932013205112058,0.6327237435207387,1956116.0296119754,3285561.488325808,2620838.758968892,9339.793274372505,15687.446259151515,12513.619766762009,0.0,0.0,0.0,0.0,0.0,0.0,3.9703372637255034,1.3279956312203192,0.12319664631209738,2655.9912624406384,3.4242266419760785,,,6.291394611967781,278.1339442075893,2.4442539945543746,,,4.195552251054982,2.230548309277906,0.34841163364157635,4461.096618555813,3.6494416293055574,,,6.51660959929726,467.1635842920245,2.6694689818838535,,,4.097382954564637,1.7792719702491127,0.25024233715123023,3558.5439404982253,3.5512723328152114,,,6.418440302806914,372.6487642498069,2.5712996853935075,,,,,
73,21149,mclean,21,KY,SERC,coal,,9252.0,0.47224616653027146,0.7932013205112058,0.6327237435207387,1956116.0296119754,3285561.488325808,2620838.758968892,9339.793274372505,15687.446259151515,12513.619766762009,0.0,0.0,0.0,0.0,0.0,0.0,3.9703372637255034,1.0094891130968986,0.004101639626921844,2018.9782261937971,3.305131635290903,,,6.291394611967781,211.42628940899,2.325158987869199,,,4.195552251054982,1.6955735256324596,0.2293166269564008,3391.147051264919,3.530346622620382,,,6.51660959929726,355.1190540775841,2.5503739751986783,,,4.097382954564637,1.3525313193646789,0.1311473304660546,2705.062638729358,3.4321773261300357,,,6.418440302806914,283.2726717432871,2.452204678708332,,,,,
74,21153,magoffin,21,KY,SERC,coal,,12362.0,0.6633432856665791,0.8864414789700277,0.7748923823183033,5195363.054704761,6942687.759884203,6069025.407294482,24806.103616399632,33148.988845358734,28977.54623087918,0.0,0.0,0.0,0.0,0.0,0.0,4.3945585534383405,2.006641612716359,0.3024698141825337,4013.283225432718,3.603499809846515,,,6.715615901680618,420.2688120615403,2.623527162424811,,,4.520470285513685,2.6815231229055763,0.4283815462578787,5363.046245811152,3.72941154192186,,,6.8415276337559625,561.6152531859086,2.7494388945001558,,,4.462061607377156,2.3440823678109672,0.3699728681213495,4688.164735621935,3.671002863785331,,,6.783118955619433,490.94203262372446,2.691030216363627,,,,,
79,21189,owsley,21,KY,SERC,coal,,4472.0,0.47224616653027146,0.7932013205112058,0.6327237435207387,1956116.0296119754,3285561.488325808,2620838.758968892,9339.793274372505,15687.446259151515,12513.619766762009,0.0,0.0,0.0,0.0,0.0,0.0,3.9703372637255034,2.0885047572389324,0.31983546884713676,4177.009514477864,3.620865464511118,,,6.291394611967781,437.41413900088895,2.640892817089414,,,4.195552251054982,3.507926265463219,0.5450504561766156,7015.852530926438,3.8460804518405967,,,6.51660959929726,734.6962183197246,2.866107804418893,,,4.097382954564637,2.798215511351075,0.4468811596862695,5596.431022702151,3.7479111553502507,,,6.418440302806914,586.0551786603068,2.767938507928547,,,,,
82,21199,pulaski,21,KY,SERC,coal,,64623.0,0.47224616653027146,0.7932013205112058,0.6327237435207387,1956116.0296119754,3285561.488325808,2620838.758968892,9339.793274372505,15687.446259151515,12513.619766762009,0.0,0.0,0.0,0.0,0.0,0.0,3.9703372637255034,0.14452738613763683,-0.8400498517203323,289.05477227527365,2.4609801439436487,,,6.291394611967781,30.269656772541904,1.4810074965219449,,,4.195552251054982,0.24275329618172345,-0.6148348643908534,485.5065923634469,2.6861951312731276,,,6.51660959929726,50.84198332367436,1.706222483851424,,,4.097382954564637,0.19364034115968012,-0.7130041608811996,387.28068231936027,2.5880258347827816,,,6.418440302806914,40.55582004810814,1.608053187361078,,,,,
84,21233,webster,21,KY,SERC,coal,,13111.0,0.5651136778933773,0.8385132619696014,0.7018134699314894,9107595.11392871,13513810.736535817,11310702.925232263,43485.69016514463,64523.881363661756,54004.7857644032,0.0,0.0,0.0,0.0,0.0,0.0,4.638346367190611,3.31673328999654,0.5207105498011165,6633.46657999308,3.8217405454650977,,,6.959403715432888,694.6529718502562,2.841767898043394,,,4.809720484013269,4.921354691759725,0.6920846666237748,9842.70938351945,3.993114662287756,,,7.130777832255546,1030.723113151996,3.013142014866052,,,4.732432247581796,4.119043990878133,0.6147964301923018,8238.087981756265,3.915826425856283,,,7.0534895958240735,862.688042501126,2.935853778434579,,,,,
90,26103,marquette,26,MI,RFC,coal,,66516.0,0.6884846044955308,0.8975686684686902,0.7930266364821105,3017205.3544290066,3933492.448180119,3475348.9013045635,14406.136369265725,18781.097724348816,16593.61704680727,0.0,0.0,0.0,0.0,0.0,0.0,4.158547521515175,0.21658151977367437,-0.6643786031249119,433.1630395473488,2.6366513925390693,,,6.479604869757451,45.3605952617266,1.6566787451173652,,,4.273720972471884,0.2823545872323774,-0.5492051521682015,564.7091744647548,2.7518248434957795,,,6.594778320714162,59.13603415990317,1.7718521960740758,,,4.219941063073772,0.2494680535030259,-0.6029850615663134,498.93610700605177,2.698044934097668,,,6.54099841131605,52.248314710814896,1.718072286675964,,,,,
92,28069,kemper,28,MS,SERC,coal,,10027.0,0.47224616653027146,0.793201320511206,0.6327237435207387,2036821.5289356257,3421117.2919999333,2728969.4104677797,9725.134771695353,16334.679431566597,13029.907101630975,0.0,0.0,0.0,0.0,0.0,0.0,3.987895628527107,0.9698947613139876,-0.013275386414293338,1939.7895226279752,3.287754609249688,,,6.308952976769385,203.13369192536408,2.307781961827984,,,4.2131106158565865,1.6290694556264682,0.21193960091518563,3258.1389112529364,3.512969596579167,,,6.534167964098864,341.19051481000633,2.532996949157463,,,4.11494131936624,1.299482108470228,0.11377030442483953,2598.964216940456,3.414800300088821,,,6.4359986676085175,272.16210336768523,2.4348276526671166,,,,,
94,29189,st louis,29,MO,SERC,coal,,996945.0,0.5589239629434634,0.8354820030713882,0.6972029830074258,10113268.416547347,15117358.199777648,12615313.308162497,48287.4404733187,72180.27882966177,60233.85965149023,0.0,0.0,0.0,0.0,0.0,0.0,4.683834185773635,0.04843541065286319,-1.3148370138064505,96.87082130572638,1.9861929818575308,,,7.004891534015912,10.144259128183949,1.0062203344358267,,,4.858418555389734,0.07240146530617213,-1.140252644190351,144.80293061234426,2.16077735147363,,,7.179475903632011,15.163683252112852,1.180804704051926,,,4.779840692684755,0.06041843797951766,-1.21883050689533,120.83687595903532,2.082199488768651,,,7.100898040927032,12.6539711901484,1.1022268413469472,,,,,
97,30073,pondera,30,MT,WECC,coal,,5972.0,0.6342504244451147,0.8718664914825903,0.7530584579638525,1714681.0358980503,2357070.458546512,2035875.7472222806,8187.022735022243,11254.215231967471,9720.618983494856,0.0,0.0,0.0,0.0,0.0,0.0,3.9131259964089797,1.3709013287043275,0.13700619735599182,2741.802657408655,3.438036193019973,,,6.234183344651257,287.12006629237277,2.4580635455982693,,,4.051315216590319,1.8844968573287795,0.27519541753733107,3768.993714657559,3.5762254132013123,,,6.372372564832596,394.6869488523965,2.5962527657796084,,,3.9876939205391464,1.6276990930165534,0.21157412148615842,3255.398186033107,3.5126041171501394,,,6.308751268781424,340.90350757238457,2.5326314697284356,,,,,
100,30111,yellowstone,30,MT,WECC,coal,,160137.0,0.4409873724849437,0.7778644933537233,0.6094259329193336,1762621.310064725,3109115.1762509607,2435868.2431578427,8415.921350163342,14844.97472174921,11630.448035956277,0.0,0.0,0.0,0.0,0.0,0.0,3.9251016681892184,0.05255450864049746,-1.2793900200031036,105.10901728099492,2.0216399756608774,,,6.246159016431496,11.006958479706283,1.0416673282391737,,,4.171579462409384,0.09270171616646503,-1.0329122257829382,185.40343233293004,2.268117769881043,,,6.492636810651661,19.415345462016653,1.2881451224593392,,,4.0655964452353786,0.07262811240348124,-1.1388952429569437,145.25622480696248,2.1621347527070376,,,6.386653793477656,15.211151970861467,1.1821621052853335,,,,,
101,32013,humboldt,32,NV,WECC,coal,,16786.0,0.44098737248494363,0.7778644933537233,0.6094259329193336,1308661.9336090174,2308369.163093979,1808515.5483514983,6248.418672982991,11021.6829972559,8635.050835119448,0.0,0.0,0.0,0.0,0.0,0.0,3.7957701215853867,0.3722398828180025,-0.4291770971916999,744.479765636005,2.871852898472281,,,6.116827469827665,77.96151159353136,1.8918802510505774,,,4.042247915805552,0.6565997257986358,-0.18269930297153444,1313.1994515972715,3.118330692692447,,,6.363305264047829,137.5175243115679,2.138358045270743,,,3.936264898631547,0.5144198043083192,-0.28868232014554,1028.8396086166385,3.0123476755184413,,,6.257322246873824,107.73951795254965,2.0323750280967374,,,,,
102,35006,cibola,35,NM,WECC,coal,,26746.0,0.46576620681550845,0.7899022917116557,0.6278342492635821,272867.59315497853,462761.64739520673,367814.6202750926,1302.8505838933384,2209.530547549699,1756.1905657215189,0.0,0.0,0.0,0.0,0.0,0.0,3.114894611943249,0.048711978759191595,-1.3123642283271562,97.42395751838319,1.988665767336825,,,5.435951960185526,10.202183248148453,1.008693119915121,,,3.344300010216285,0.08261162594592458,-1.08295883005412,165.22325189184917,2.218071165609861,,,5.665357358458563,17.302088065325908,1.2380985181881574,,,3.2445716397881164,0.0656618023525581,-1.1826872004822888,131.3236047051162,2.118342795181692,,,5.565628988030394,13.75213565673718,1.1383701477599883,,,,,
103,35031,mckinley,35,NM,WECC,coal,,72290.0,0.4409873724849438,0.7778644933537234,0.6094259329193336,235959.72547006403,416213.03410659824,326086.3797883311,1126.6279830063281,1987.2766430047054,1556.9523130055168,0.0,0.0,0.0,0.0,0.0,0.0,3.0517805339704385,0.01558483860847044,-1.8072976907765308,31.169677216940883,1.4937323048874505,,,5.372837882212716,3.2640714548355794,0.5137596574657465,,,3.2982583281906037,0.02749033950760417,-1.5608198965563655,54.98067901520834,1.7402100991076157,,,5.6193156764328815,5.75754646709916,0.760237451685912,,,3.1922753110165982,0.021537589058037303,-1.666802913730371,43.0751781160746,1.63422708193361,,,5.513332659258875,4.510808960967369,0.6542544345119062,,,,,
105,37053,currituck,37,NC,SERC,coal,,27072.0,0.450141673545356,0.782423431529029,0.6162825525371926,1439959.207944926,2502896.067961081,1971427.6379530034,6875.318806319772,11950.483257699885,9412.90103200983,0.0,0.0,0.0,0.0,0.0,0.0,3.8372928410645324,0.25396419940601994,-0.595227500294397,507.92839881203986,2.7058024953695843,,,6.15835018930681,53.18998256297747,1.7258298479478804,,,4.0773854677869865,0.4414333354646825,-0.355134873571943,882.866670929365,2.945895122092038,,,6.398442816029264,92.45331220305411,1.9659224746703343,,,3.9737234925053047,0.3476987674353513,-0.4587968488536249,695.3975348707025,2.8422331468103565,,,6.294780840747582,72.82164738301579,1.8622604993886525,,,,,
106,38055,mclean,38,ND,MRO,coal,,9541.0,0.4489346088730911,0.7833428159590445,0.6161387124160679,926883.4634868699,1617312.383592436,1272097.9235396532,4425.555441166231,7722.120310947184,6073.8378760567075,0.0,0.0,0.0,0.0,0.0,0.0,3.645967785744598,0.4638460791495892,-0.33362611010433224,927.6921582991783,2.9674038855596487,,,5.967025133986875,97.14741258640288,1.987431238137945,,,3.8877365636663574,0.8093617347182879,-0.09185733218257305,1618.7234694365757,3.209172663481408,,,6.208793911908635,169.51183142149,2.2292000160597043,,,3.783463195472658,0.6366039069339385,-0.19613070037627234,1273.2078138678771,3.104899295287709,,,6.104520543714935,133.32962200394647,2.124926647866005,,,,,
109,38105,williams,38,ND,MRO,coal,,35350.0,0.4489346088730911,0.7833428159590445,0.6161387124160679,926883.4634868699,1617312.383592436,1272097.9235396532,4425.555441166231,7722.120310947184,6073.8378760567075,0.0,0.0,0.0,0.0,0.0,0.0,3.645967785744598,0.12519251601601783,-0.9024216323883201,250.38503203203567,2.398608363275661,,,5.967025133986875,26.220182842627157,1.4186357158539573,,,3.8877365636663574,0.2184475335487181,-0.6606528544665609,436.8950670974362,2.6403771411974204,,,6.208793911908635,45.751411134156605,1.6604044937757163,,,3.783463195472658,0.17182002478236796,-0.7649262226602602,343.64004956473593,2.536103773003721,,,6.104520543714935,35.98579698839189,1.5561311255820172,,,,,
110,39009,athens,39,OH,RFC,coal,,65818.0,0.575809406343601,0.8430294672894985,0.7094194368165497,3705413.6038043313,5425011.856507234,4565212.730155783,17692.098286442168,25902.599070694287,21797.348678568225,0.0,0.0,0.0,0.0,0.0,0.0,4.247779343377926,0.2688033408253391,-0.570565337950826,537.6066816506782,2.730464657713155,,,6.568836691620202,56.29787601878409,1.7504920102914512,,,4.413343343441431,0.3935488630875184,-0.4050013378873205,787.0977261750368,2.8960286577766605,,,6.7344006916837085,82.42444098130046,1.9160560103549569,,,4.338403671389314,0.3311761019564287,-0.47994100993943667,662.3522039128575,2.8210889857245447,,,6.659461019631592,69.36115850004228,1.8411163383028406,,,,,
113,39031,coshocton,39,OH,RFC,coal,,36629.0,0.47863880755961163,0.7959762105114211,0.6373075090355163,14063176.793375002,23387059.291778494,18725118.042576753,67146.91871173409,111665.30807685916,89406.11339429661,0.0,0.0,0.0,0.0,0.0,0.0,4.827026088230432,1.83316275933643,0.2632010259789398,3666.3255186728597,3.564231021642921,,,7.148083436472708,383.93559183638655,2.584258374221217,,,5.047918268451697,3.0485491844401746,0.4840932062002055,6097.098368880349,3.7851232018641867,,,7.368975616693975,638.4847877850472,2.805150554442483,,,4.95136721591711,2.440855971888302,0.3875421536656188,4881.711943776603,3.6885721493296,,,7.272424564159388,511.210189810717,2.708599501907896,,,,,
114,39059,guernsey,39,OH,RFC,coal,,39022.0,0.5107162758493095,0.8115091944707056,0.6611127351600076,9955714.400859889,15819260.430631012,12887487.415745452,47535.173269435094,75531.62488263169,61533.3990760334,0.0,0.0,0.0,0.0,0.0,0.0,4.677015081286318,1.218163427539211,0.08570555670182028,2436.326855078422,3.3867355523658014,,,6.998072429528595,255.13080828404205,2.4067629049440975,,,4.878128827606874,1.9356164441246397,0.2868193030223762,3871.2328882492793,3.5878492986863573,,,7.199186175849151,405.39337887937603,2.6078766512646534,,,4.789110905973643,1.5768899358319255,0.1978013813891447,3153.779871663851,3.498831377053126,,,7.11016825421592,330.2620935817091,2.518858729631422,,,,,
115,39061,hamilton,39,OH,RFC,coal,,816684.0,0.6758642051240923,0.8914793502562899,0.7836717776901911,2142838.404540442,2826449.7129762894,2484644.058758366,10231.329540693932,13495.342617709935,11863.336079201934,0.0,0.0,0.0,0.0,0.0,0.0,4.009932073073689,0.01252789272312661,-1.9021219741521618,25.055785446253218,1.3989080215118193,,,6.330989421315966,2.6238280712496413,0.41893537409011544,,,4.130183914834884,0.016524558602482645,-1.7818701323909667,33.04911720496529,1.5191598632730146,,,6.451241263077161,3.460885376689502,0.5391872158513106,,,4.074206833805294,0.014526225662804627,-1.8378472134205566,29.052451325609255,1.4631827822434247,,,6.395264182047572,3.042356723969572,0.48321013482172076,,,,,
117,39075,holmes,39,OH,RFC,coal,,43892.0,0.47863880755961163,0.7959762105114212,0.6373075090355164,1562575.1992638893,2598562.143530944,2080568.6713974169,7460.7687457482325,12407.256452984351,9934.012599366291,0.0,0.0,0.0,0.0,0.0,0.0,3.8727835787911067,0.16998015004438696,-0.7696017917365796,339.9603000887739,2.5314282039274016,,,6.193840927033384,35.600455647131355,1.5514555565056976,,,4.093675759012372,0.28267694461369614,-0.5487096115153138,565.3538892273923,2.752320384148667,,,6.41473310725465,59.20354833525344,1.7723477367269633,,,3.997124706477786,0.22632854732904154,-0.6452606640499006,452.65709465808305,2.6557693316140805,,,6.318182054720063,47.4020019911924,1.6757966841923768,,,,,
118,39079,jackson,39,OH,RFC,coal,,32384.0,0.4786388075596116,0.7959762105114211,0.6373075090355164,6250300.797055557,10394248.574123776,8322274.685589667,29843.074982992926,49629.0258119374,39736.050397465166,0.0,0.0,0.0,0.0,0.0,0.0,4.474843570119069,0.9215376415202855,-0.03548692070461729,1843.075283040571,3.265543074959364,,,6.795900918361347,193.00582994860292,2.28557042753766,,,4.695735750340335,1.5325168543705965,0.18540525951664846,3065.033708741193,3.4864352551806297,,,7.016793098582612,320.9686442108379,2.506462607758926,,,4.5991846978057485,1.2270272479454412,0.08885420698206187,2454.054495890882,3.389884202646043,,,6.920242046048026,256.98723707972044,2.409911555224339,,,,,
120,39087,lawrence,39,OH,RFC,coal,,59866.0,0.47863880755961163,0.7959762105114212,0.6373075090355164,1562575.1992638893,2598562.143530944,2080568.6713974169,7460.7687457482325,12407.256452984351,9934.012599366291,0.0,0.0,0.0,0.0,0.0,0.0,3.8727835787911067,0.12462447375385415,-0.9043966625521418,249.2489475077083,2.3966333331118395,,,6.193840927033384,26.10121269608608,1.4166606856901354,,,4.093675759012372,0.20725046692587365,-0.683504482330876,414.5009338517473,2.617525513333105,,,6.41473310725465,43.406309817441354,1.6375528659114011,,,3.997124706477786,0.1659374703398639,-0.7800555348654628,331.8749406797278,2.5209744607985183,,,6.318182054720063,34.75376125676372,1.5410018133768146,,,,,
122,39105,meigs,39,OH,RFC,coal,,23106.0,0.5955855691166014,0.8526057473236642,0.7240956582201329,9553665.612149104,13676473.425990757,11615069.519069932,45615.52611357826,65300.540759098505,55458.03343633838,0.0,0.0,0.0,0.0,0.0,0.0,4.659112688229874,1.974185324745878,0.2953879192234997,3948.370649491756,3.596417914887481,,,6.980170036472152,413.4712028109194,2.6164452674657768,,,4.814916777717955,2.8261291767981693,0.45119200871157994,5652.258353596339,3.752222004375561,,,7.135974125960232,591.9013860465142,2.772249356953857,,,4.743964465261873,2.4001572507720237,0.38023969625549764,4800.314501544048,3.681269691919479,,,7.06502181350415,502.6862944287169,2.701297044497775,,,,,
124,39119,muskingum,39,OH,RFC,coal,,86183.0,0.4786388075596116,0.7959762105114212,0.6373075090355164,3125150.3985277787,5197124.287061888,4161137.3427948337,14921.537491496463,24814.512905968702,19868.025198732583,0.0,0.0,0.0,0.0,0.0,0.0,4.173813574455088,0.17313782870747668,-0.7616080331989667,346.27565741495334,2.5394219624650143,,,6.494870922697365,36.26179639288234,1.5594493150433106,,,4.3947057546763535,0.28792816339613037,-0.5407158529777009,575.8563267922607,2.7603141426862803,,,6.715763102918631,60.3033578207058,1.7803414952645764,,,4.298154702141767,0.23053299605180352,-0.6372669055122876,461.0659921036071,2.6637630901516935,,,6.619212050384045,48.28257710679407,1.6837904427299897,,,,,
127,39151,stark,39,OH,RFC,coal,,371574.0,0.47863880755961163,0.7959762105114212,0.6373075090355164,1562575.1992638893,2598562.143530944,2080568.6713974169,7460.7687457482325,12407.256452984351,9934.012599366291,0.0,0.0,0.0,0.0,0.0,0.0,3.8727835787911067,0.020078823453062465,-1.6972617388782543,40.15764690612493,1.603768256785727,,,6.193840927033384,4.205286697303604,0.623795609364023,,,4.093675759012372,0.03339107809745663,-1.4763695586569885,66.78215619491326,1.8246604370069925,,,6.41473310725465,6.993390666545409,0.8446877895852887,,,3.997124706477786,0.026734950775259548,-1.5729206111915752,53.4699015505191,1.728109384472406,,,6.318182054720063,5.5993386819245075,0.7481367370507022,,,,,
129,39163,vinton,39,OH,RFC,coal,,13139.0,0.4786388075596116,0.7959762105114212,0.6373075090355164,3125150.3985277787,5197124.287061888,4161137.3427948337,14921.537491496463,24814.512905968702,19868.025198732583,0.0,0.0,0.0,0.0,0.0,0.0,4.173813574455088,1.135667668125159,0.05525126181948468,2271.335336250318,3.3562812574834657,,,6.494870922697365,237.85298717769837,2.376308610061762,,,4.3947057546763535,1.8886150320396302,0.2761434420407505,3777.2300640792605,3.5771734377047317,,,6.715763102918631,395.5494548338449,2.597200790283028,,,4.298154702141767,1.5121413500823946,0.1795923895061638,3024.2827001647893,3.480622385170145,,,6.619212050384045,316.70122100577163,2.500649737748441,,,,,
130,39167,washington,39,OH,RFC,coal,,60155.0,0.4786388075596116,0.7959762105114212,0.6373075090355164,3125150.3985277787,5197124.287061888,4161137.3427948337,14921.537491496463,24814.512905968702,19868.025198732583,0.0,0.0,0.0,0.0,0.0,0.0,4.173813574455088,0.24805149183769368,-0.6054581566748427,496.10298367538735,2.6955718389891383,,,6.494870922697365,51.95163159384554,1.7155991915674345,,,4.3947057546763535,0.4125095653888904,-0.384565976453577,825.0191307777808,2.9164640192104043,,,6.715763102918631,86.39554961452727,1.9364913717887002,,,4.298154702141767,0.33028052861329205,-0.4811170289881636,660.5610572265841,2.8199129666758176,,,6.619212050384045,69.17359060418642,1.8399403192541137,,,,,
132,40061,haskell,40,OK,MRO,coal,,12668.0,0.4492045151021541,0.7834810267468448,0.6163427709244995,1354969.8108795236,2363273.5267530633,1859121.6688162936,6469.52314436107,11283.832787285759,8876.677965823415,0.0,0.0,0.0,0.0,0.0,0.0,3.8108722708688902,0.5106980694948745,-0.2918357838309842,1021.396138989749,3.009194211832997,,,6.131929619111167,106.96004190713006,2.029221564411293,,,4.052456641813605,0.8907351426654373,-0.05025141288626942,1781.4702853308745,3.250778582777712,,,6.373513990055883,186.55458847119223,2.270805935356008,,,3.948250464534709,0.700716606080156,-0.15445759016516522,1401.433212160312,3.146572405498816,,,6.269307812776987,146.75731518916115,2.166599758077112,,,,,
134,40097,mayes,40,OK,SERC,coal,,41107.0,0.4755048507046815,0.7947902163200234,0.6351475335123524,1434301.517394808,2397386.297088165,1915843.9072414865,6848.305245084881,11446.70974249848,9147.50749379168,0.0,0.0,0.0,0.0,0.0,0.0,3.8355831096278514,0.16659705755917195,-0.778332673380011,333.1941151183439,2.52269732228397,,,6.156640457870129,34.89190447842966,1.5427246748622663,,,4.058680670429131,0.2784613263555716,-0.5552351125787316,556.9226527111432,2.74579488308525,,,6.379738018671408,58.320633884451915,1.7658222356635458,,,3.96130277394012,0.22252919195737172,-0.6526130090677426,445.05838391474344,2.6484169865962386,,,6.282360122182397,46.60626918144079,1.6684443391745347,,,,,
136,40143,tulsa,40,OK,MRO,coal,,648360.0,0.5839518343165837,0.8524354372097781,0.7181936357631808,1713219.1467405078,2500906.1134246937,2107062.6300826008,8180.0427081144335,11940.981896986155,10060.512302550294,0.0,0.0,0.0,0.0,0.0,0.0,3.9127555711346496,0.012616513523527722,-1.899060642452171,25.233027047055444,1.4019693532118103,,,6.233812919376927,2.6423887142027698,0.42199670579010623,,,4.077040039934875,0.018417209416043797,-1.734776173651945,36.83441883208759,1.5662538220120361,,,6.398097388177153,3.8572800811658547,0.5862811745903322,,,4.002620096475945,0.015516861469785759,-1.8091961171108755,31.03372293957152,1.4918338785531058,,,6.323677444718222,3.2498343976843125,0.5118612311314017,,,,,
139,42007,beaver,42,PA,RFC,coal,,164742.0,0.6758642051240922,0.89147935025629,0.7836717776901911,2457262.220319446,3241181.4547531824,2849221.8375363145,11732.597050115552,15475.546590214053,13604.071820164803,0.0,0.0,0.0,0.0,0.0,0.0,4.069394155312006,0.07121800785540755,-1.1474101787873496,142.4360157108151,2.1536198168766316,,,6.390451503554283,14.91582122542792,1.1736471694549278,,,4.1896459970732005,0.09393807644810706,-1.0271583370261543,187.8761528962141,2.2738716586378267,,,6.510703345315478,19.67428739940745,1.2938990112161228,,,4.133668916043611,0.08257804215175732,-1.0831354180557442,165.15608430351463,2.217894577608237,,,6.454726264285888,17.295054312417687,1.2379219301865332,,,,,
141,42017,bucks,42,PA,RFC,coal,,628195.0,0.6486350579259599,0.878341339559342,0.763488198742651,1601159.7606694445,2168191.1759932167,1884675.468331331,7644.996992771852,10352.380460330995,8998.688726551423,0.0,0.0,0.0,0.0,0.0,0.0,3.883377318914742,0.012169783256428103,-1.91471715647622,24.339566512856205,1.386312839187761,,,6.204434667157019,2.5488260184647196,0.4063401917660572,,,4.015040224374285,0.016479565199231123,-1.7830542510166771,32.95913039846224,1.5179757446473041,,,6.336097572616563,3.4514620078052465,0.5380030972256,,,3.9541792294045797,0.014324674227829612,-1.8439152459863823,28.649348455659222,1.4571147496775987,,,6.275236577646857,3.0001440131349835,0.47714210225589493,,,,,
145,42027,centre,42,PA,RFC,coal,,162805.0,0.44933286229259833,0.7817967843279285,0.6155648233102634,1508635.4015510755,2624883.253893563,2066759.3277223194,7203.224432285862,12532.930863815478,9868.07764805067,0.0,0.0,0.0,0.0,0.0,0.0,3.8575269463864155,0.04424449146086338,-1.3541407922445587,88.48898292172676,1.9468892034194225,,,6.178584294628693,9.266517622622619,0.9669165559977185,,,4.098052643950242,0.07698124052587745,-1.1136150946807328,153.96248105175488,2.1874149009832484,,,6.419109992192518,16.122866336375193,1.2074422535615443,,,3.9942325581248794,0.060612865993370416,-1.2174351805060946,121.22573198674083,2.0835948151578867,,,6.315289906367156,12.694691979498906,1.1036221677361826,,,,,
155,42073,lawrence,42,PA,RFC,coal,,86184.0,0.4786388075596116,0.7959762105114211,0.6373075090355164,1791855.6039613015,2979855.395965018,2385855.4999631597,8555.505228309075,14227.802934244872,11391.654081276974,0.0,0.0,0.0,0.0,0.0,0.0,3.932245661029423,0.09927022682062883,-1.0031809858082559,198.54045364125767,2.2978490098557254,,,6.253303009271701,20.791047108062997,1.3178763624340215,,,4.153137841250689,0.1650863609747154,-0.78228880558699,330.1727219494308,2.5187411900769914,,,6.474195189492966,34.57550584754731,1.538768542655287,,,4.0565867887161025,0.13217829389767213,-0.8788398581215766,264.35658779534424,2.4221901375424046,,,6.37764413695838,27.68327647780516,1.4422174901207006,,,,,
158,42085,mercer,42,PA,RFC,coal,,110683.0,0.44933286229259833,0.7817967843279285,0.6155648233102634,1508635.4015510755,2624883.253893563,2066759.3277223194,7203.224432285862,12532.930863815478,9868.07764805067,0.0,0.0,0.0,0.0,0.0,0.0,3.8575269463864155,0.06507977225306381,-1.186553975547882,130.15954450612762,2.1144760201160993,,,6.178584294628693,13.630235912932207,1.1345033726943954,,,4.098052643950242,0.11323266322574811,-0.9460282779840561,226.46532645149622,2.355001717679925,,,6.419109992192518,23.71532443007113,1.375029070258221,,,3.9942325581248794,0.08915621773940596,-1.0498483638094178,178.31243547881192,2.251181631854563,,,6.315289906367156,18.67278017150167,1.2712089844328593,,,,,
162,42121,venango,42,PA,RFC,coal,,51266.0,0.44933286229259833,0.7817967843279285,0.6155648233102634,1508635.4015510755,2624883.253893563,2066759.3277223194,7203.224432285862,12532.930863815478,9868.07764805067,0.0,0.0,0.0,0.0,0.0,0.0,3.8575269463864155,0.14050685507521285,-0.8523024868000927,281.0137101504257,2.4487275088638887,,,6.178584294628693,29.427601169412,1.4687548614421846,,,4.098052643950242,0.2444686705382803,-0.6117767892362668,488.93734107656064,2.6892532064277144,,,6.419109992192518,51.20124944199983,1.7092805590060105,,,3.9942325581248794,0.1924877628067466,-0.7155968750616285,384.9755256134932,2.5854331206023526,,,6.315289906367156,40.31442530570592,1.6054604731806488,,,,,
163,42123,warren,42,PA,RFC,coal,,39498.0,0.5127480043158473,0.8276027901471131,0.6701753972314802,174024.49197660602,280884.86722818395,227454.67960239502,830.9081645129249,1341.1303593944772,1086.019261953701,0.0,0.0,0.0,0.0,0.0,0.0,2.9195530263722542,0.02103671488462517,-1.6770220791034682,42.07342976925034,1.6240079165605128,,,5.240610374614532,4.405906425049522,0.6440352691388089,,,3.127470993820358,0.03395438653588732,-1.4691041116553643,67.90877307177463,1.831925884008617,,,5.448528342062636,7.11136936625105,0.851953236586913,,,3.035837528094465,0.027495550710256243,-1.5607375773812577,54.991101420512486,1.7402924182827235,,,5.356894876336742,5.758637895650287,0.7603197708610197,,,,,
166,45013,beaufort,45,SC,SERC,coal,,188715.0,0.4501416735453561,0.7824234315290292,0.6162825525371927,1612875.7311992836,2803454.6419477025,2208165.1865734933,7700.936794450715,13385.548921177977,10543.242857814346,0.0,0.0,0.0,0.0,0.0,0.0,3.886543558927539,0.040807232040117186,-1.3892628624791659,81.61446408023437,1.9117671331848154,,,6.207600907169816,8.546621790526899,0.9317944857631114,,,4.126636185649993,0.07092996805329718,-1.149170235756712,141.85993610659438,2.1518597599072695,,,6.44769353389227,14.855494486117705,1.1718871124855654,,,4.022974210368311,0.055868600046707184,-1.2528322110383938,111.73720009341437,2.048197784625587,,,6.344031558610588,11.701058138322303,1.0682251372038836,,,,,
167,45063,lexington,45,SC,SERC,coal,,295032.0,0.4501416735453561,0.7824234315290292,0.6162825525371927,1612875.7311992836,2803454.6419477025,2208165.1865734933,7700.936794450715,13385.548921177977,10543.242857814346,0.0,0.0,0.0,0.0,0.0,0.0,3.886543558927539,0.026102039082034203,-1.5833255644055964,52.204078164068406,1.717704431258385,,,6.207600907169816,5.466782353098252,0.7377317838366809,,,4.126636185649993,0.04536982063361933,-1.3432329376831424,90.73964126723865,1.9577970579808388,,,6.44769353389227,9.502205326702535,0.9778244105591349,,,4.022974210368311,0.03573592985782677,-1.4468949129648243,71.47185971565354,1.854135082699157,,,6.344031558610588,7.484493839900395,0.8741624352774531,,,,,
168,46019,butte,46,SD,MRO,coal,,10222.0,0.4535157675408825,0.7856886882670371,0.6196022279039598,1605161.186316478,2780844.8508253177,2193003.0185708976,7664.102448573203,13277.594806052351,10470.848627312776,0.0,0.0,0.0,0.0,0.0,0.0,3.884461301466188,0.7497654518267661,-0.12507457515303017,1499.5309036535323,3.175955420510951,,,6.205518649708465,157.03005148860086,2.195982773089247,,,4.123119411096514,1.2989233815351546,0.11358353447729577,2597.8467630703094,3.4146135301412768,,,6.4441767593387915,272.0450842130031,2.434640882719573,,,4.019981881222652,1.0243444166809603,0.01044600460343373,2048.688833361921,3.311476000267415,,,6.341039229464929,214.53756785080196,2.331503352845711,,,,,
169,46073,jerauld,46,SD,MRO,coal,,2043.0,0.4489346088730911,0.7833428159590446,0.6161387124160678,1546739.9864168228,2698895.6355082933,2122817.8109625583,7385.160953465775,12886.314984982702,10135.737969224238,0.0,0.0,0.0,0.0,0.0,0.0,3.8683599648396143,3.6148609659646476,0.5580915982071665,7229.721931929295,3.859121593871148,,,6.189417313081892,757.0925043645731,2.8791489464494435,,,4.110128742761373,6.307545269203477,0.7998603761289257,12615.090538406954,4.100890371792907,,,6.43118609100365,1321.0453428821797,3.120917724371203,,,4.005855374567674,4.961203117584062,0.6955870079352263,9922.406235168124,3.9966170035992077,,,6.3269127228099515,1039.0689236233766,3.016644356177504,,,,,
170,47001,anderson,47,TN,SERC,coal,,76482.0,0.4722461665302715,0.793201320511206,0.6327237435207388,4052977.3377818223,6807523.711522726,5430250.524652274,19351.59771074916,32503.626172228396,25927.61194148878,0.0,0.0,0.0,0.0,0.0,0.0,4.286716827149103,0.25302159607161373,-0.5968424090437177,506.0431921432275,2.7041875866202636,,,6.607774175391381,52.992564757483095,1.7242149391985597,,,4.511931814478582,0.42498399848628954,-0.37162742171423874,849.967996972579,2.9294025739497425,,,6.832989162720859,89.00818116057015,1.9494299265280386,,,4.413762517988236,0.33900279727895166,-0.4697967182045848,678.0055945579034,2.8312332774593965,,,6.734819866230513,71.00037295902662,1.8512606300376924,,,,,
171,47013,campbell,47,TN,SERC,coal,,39583.0,0.4722461665302715,0.793201320511206,0.6327237435207388,4052977.3377818223,6807523.711522726,5430250.524652274,19351.59771074916,32503.626172228396,25927.61194148878,0.0,0.0,0.0,0.0,0.0,0.0,4.286716827149103,0.48888658542175073,-0.31079187919605034,977.7731708435015,2.990238116467931,,,6.607774175391381,102.39186867548752,2.010265469046227,,,4.511931814478582,0.8211511550976024,-0.0855768918665714,1642.3023101952049,3.21545310379741,,,6.832989162720859,171.98099465737124,2.235480456375706,,,4.413762517988236,0.6550188702596766,-0.18374618835691744,1310.0377405193533,3.117283807307064,,,6.734819866230513,137.18643166642937,2.1373111598853596,,,,,
173,47115,marion,47,TN,SERC,coal,,28575.0,0.47224616653027146,0.793201320511206,0.6327237435207387,2026488.6688909112,3403761.8557613622,2715125.2623261367,9675.798855374578,16251.813086114198,12963.805970744388,0.0,0.0,0.0,0.0,0.0,0.0,3.9856868314851215,0.33861063360890914,-0.4702994075821978,677.2212672178183,2.8307305880817832,,,6.306744179727399,70.91823863135298,1.8507579406600796,,,4.210901818814601,0.5687423652183446,-0.2450844202527188,1137.4847304366892,3.0559455754112625,,,6.531959167056878,119.11677535472833,2.0759729279895582,,,4.112732522324254,0.45367649941362687,-0.34325371674306493,907.3529988272537,2.957776278920916,,,6.433789870566532,95.01750699304066,1.9778036314992122,,,,,
174,47163,sullivan,47,TN,RFC,coal,,157668.0,0.5717162632671452,0.8410500252048999,0.7063831442360226,4772742.622881161,7021166.898999039,5896954.760940101,22788.23381368581,33523.700224738765,28155.967019212287,0.0,0.0,0.0,0.0,0.0,0.0,4.357710666790988,0.1445330302514512,-0.8400328918922401,289.0660605029024,2.4609971037717413,,,6.678768015033265,30.270838869530667,1.4810244563500374,,,4.525351948457519,0.2126220934161578,-0.6723916102257089,425.24418683231556,2.628638385438272,,,6.846409296699796,44.53133736077732,1.6486657380165683,,,4.449570447816106,0.1785775618338045,-0.7481731108671226,357.15512366760896,2.5528568847968587,,,6.770627796058383,37.401088115154,1.5728842373751548,,,,,
176,48021,bastrop,48,TX,TRE,coal,,86976.0,0.49598393526618917,0.7998187362457329,0.6479013357559611,4606437.712083488,7428295.409398631,6017366.5607410595,21994.184041663168,35467.60133575296,28730.892688708067,0.0,0.0,0.0,0.0,0.0,0.0,4.342307854797703,0.252876472149365,-0.5970915759186782,505.75294429873,2.703938419745303,,,6.66336520303998,52.962170162843634,1.723965772323599,,,4.549831818247204,0.40778607128119204,-0.38956761246917737,815.5721425623841,2.9114623831948037,,,6.870889166489482,85.40626620445445,1.9314897357731,,,4.4583491200315235,0.33033127171527854,-0.4810503106848582,660.6625434305571,2.819979684979123,,,6.779406468273801,69.18421818364905,1.8400070375574191,,,,,
177,48043,brewster,48,TX,TRE,coal,,9267.0,0.49598393526618917,0.7998187362457331,0.6479013357559612,2303218.856041744,3714147.704699316,3008683.28037053,10997.092020831586,17733.800667876487,14365.446344354037,0.0,0.0,0.0,0.0,0.0,0.0,4.041277859133722,1.186693862181028,0.07433869611260899,2373.387724362056,3.37536869177659,,,6.362335207375999,248.53985713194604,2.3953960443548863,,,4.248801822583223,1.913650660178751,0.28186265956211,3827.301320357502,3.5828926552260913,,,6.5698591708255005,400.79288925211137,2.602920007804387,,,4.157319124367542,1.5501722611798896,0.19037996134642912,3100.344522359779,3.4914099570104105,,,6.47837647260982,324.66637319202874,2.5114373095887066,,,,,
178,48085,collin,48,TX,TRE,coal,,1005146.0,0.6243116803946559,0.8566775494261742,0.740494614910415,5401411.4805751,7411791.411136779,6406601.44585594,25789.915247717116,35388.80031902755,30589.357783372332,0.0,0.0,0.0,0.0,0.0,0.0,4.411449914937113,0.02565787979827519,-1.5907792337737447,51.31575959655038,1.7102507618902365,,,6.73250726317939,5.373758121282977,0.7302781144685325,,,4.548865840296247,0.035207621896746887,-1.4533633084146111,70.41524379349377,1.84766668724937,,,6.8699231885385235,7.373845601670582,0.8676940398276662,,,4.485570359166261,0.03043275084751104,-1.5166587895445969,60.865501695022076,1.7843712061193844,,,6.806627707408539,6.37380186147678,0.8043985586976805,,,,,
179,48161,freestone,48,TX,TRE,coal,,19808.0,0.49598393526618917,0.7998187362457331,0.6479013357559612,2303218.856041744,3714147.704699316,3008683.28037053,10997.092020831586,17733.800667876487,14365.446344354037,0.0,0.0,0.0,0.0,0.0,0.0,4.041277859133722,0.55518437100321,-0.2555627682063019,1110.36874200642,3.0454672274576793,,,6.362335207375999,116.27720396010419,2.0654945800359754,,,4.248801822583223,0.8952847671585464,-0.048038804756800835,1790.5695343170928,3.2529911909071805,,,6.5698591708255005,187.50745682044206,2.273018543485476,,,4.157319124367542,0.7252345690808782,-0.13952150297248175,1450.4691381617565,3.1615084926914996,,,6.47837647260982,151.89233039027314,2.1815358452697957,,,,,
182,48215,hidalgo,48,TX,TRE,coal,,865939.0,0.772992533276934,0.922554315429342,0.8477734243531381,3098192.624533356,3697643.7064374634,3397918.16548541,14792.823226885532,17654.99965115107,16223.911439018302,0.0,0.0,0.0,0.0,0.0,0.0,4.170051067495722,0.017082985322159565,-1.76743623226242,34.16597064431913,1.533593763401561,,,6.491108415737999,3.577841654589245,0.5536211159798572,,,4.246867713317798,0.020388271750263087,-1.6906195864403444,40.776543500526174,1.6104104092236369,,,6.567925061560075,4.270097208276176,0.630437761801933,,,4.210155566989371,0.01873562853621133,-1.727331732768771,37.47125707242266,1.5736982628952103,,,6.531212915231649,3.9239694314327105,0.5937256154735062,,,,,
183,48289,leon,48,TX,TRE,coal,,17270.0,0.48114307042854876,0.793259613493519,0.637201341961034,2149070.103887124,3543167.5623251866,2846118.8331061555,10261.083800034876,16917.42824434805,13589.256022191465,0.0,0.0,0.0,0.0,0.0,0.0,4.011193234412849,0.5941565605115736,-0.22609910315461001,1188.3131210231472,3.074930892509371,,,6.332250582655126,124.4394964613274,2.094958245087667,,,4.228334343089612,0.9795847275244963,-0.008957994477847,1959.1694550489926,3.2920720011861344,,,6.549391691331889,205.1631477895302,2.31209935376443,,,4.133195680845714,0.786870644018035,-0.10409665672174537,1573.74128803607,3.1969333389422356,,,6.45425302908799,164.8013221254288,2.2169606915205318,,,,,
186,48377,presidio,48,TX,TRE,coal,,6948.0,0.49598393526618917,0.7998187362457331,0.6479013357559612,2303218.856041744,3714147.704699316,3008683.28037053,10997.092020831586,17733.800667876487,14365.446344354037,0.0,0.0,0.0,0.0,0.0,0.0,4.041277859133722,1.582770872313124,0.19941804935866103,3165.541744626248,3.500448045022642,,,6.362335207375999,331.49379044930106,2.520475397600938,,,4.248801822583223,2.5523604876045605,0.40694201280816206,5104.720975209121,3.7079720084721433,,,6.5698591708255005,534.5635729273627,2.7279993610504394,,,4.157319124367542,2.067565679958842,0.31545931459248117,4135.131359917685,3.6164893102564624,,,6.47837647260982,433.0286816883319,2.6365166628347585,,,,,
189,48449,titus,48,TX,MRO,coal,,33033.0,0.44920451510215414,0.7834810267468448,0.6163427709244995,13184590.281827686,22995931.661314,18090260.971570842,62951.964901590334,109797.80576251115,86374.88533205075,0.0,0.0,0.0,0.0,0.0,0.0,4.7990092901643004,1.9057295704777142,0.28006127280709475,3811.459140955428,3.581091268471076,,,7.120066638406578,399.1339049383249,2.601118621049372,,,5.040593661109016,3.323882352874736,0.5216456437518094,6647.764705749471,3.8226756394157904,,,7.361651009351293,696.1502637154966,2.842702991994087,,,4.93638748383012,2.6148059616762254,0.41743946647291363,5229.6119233524505,3.7184694621368948,,,7.257444832072397,547.6420843269108,2.738496814715191,,,,,
192,49021,iron,49,UT,WECC,coal,,52775.0,0.6342504244451147,0.8718664914825902,0.7530584579638524,1526056.6433365722,2097779.6784189506,1811918.1608777614,7286.404976996022,10016.189344094868,8651.297160545444,0.0,0.0,0.0,0.0,0.0,0.0,3.8625133055810155,0.13806546616761767,-0.8599149363986787,276.13093233523534,2.4411150592653024,,,6.183570653823293,28.91627936213306,1.4611424118435987,,,4.000702525762355,0.18979041864698945,-0.7217257162173394,379.5808372939789,2.579304279446642,,,6.3217598740046315,39.749496511964956,1.5993316320249378,,,3.9370812297111817,0.16392794240730355,-0.7853470122685121,327.85588481460707,2.515682983395469,,,6.258138577953459,34.33288793704901,1.5357103359737652,,,,,
194,49035,salt lake,49,UT,WECC,coal,,1152633.0,0.5189643681604518,0.8157920399139132,0.6673782040371825,3094779.865671678,4864874.998354851,3979827.432013265,14776.528456135311,23228.13478467874,19002.331620407025,0.0,0.0,0.0,0.0,0.0,0.0,4.169572414476007,0.012819803403282147,-1.8921186348425052,25.639606806564295,1.408911360821476,,,6.490629762718284,2.6849655229996694,0.4289387133997721,,,4.366014337426397,0.020152238209975543,-1.6956767118921152,40.30447641995109,1.605353283771866,,,6.687071685668674,4.220662603235246,0.6253806363501621,,,4.27880689293965,0.016486020806628844,-1.7828841563788627,32.97204161325769,1.5181458392851184,,,6.599864241181927,3.452814063117458,0.5381731918634146,,,,,
196,49057,weber,49,UT,WECC,coal,,256359.0,0.4946292848876655,0.8201709671750952,0.6574001260313804,170597.9608968424,282877.498081496,226737.72948916917,814.5476360735394,1350.6444986174772,1082.5960673455083,0.0,0.0,0.0,0.0,0.0,0.0,2.9109164876364613,0.003177370937137137,-2.4979320811917445,6.354741874274274,0.8030979144722366,,,5.231973835878739,0.6654650739659712,-0.17687473294946732,,,3.1305410539771357,0.005268566731097707,-2.27830751485107,10.537133462195415,1.022722480812911,,,5.451598402219413,1.1034428207376998,0.04274983339120722,,,3.0344664451333476,0.004222968834117422,-2.3743821236948586,8.445937668234844,0.9266478719691227,,,5.355523793375625,0.8844539473518354,-0.053324775452581165,,,,,
199,51087,henrico,51,VA,SERC,coal,,329261.0,0.45014167354535606,0.7824234315290292,0.6162825525371927,1291530.9240358563,2244902.253886015,1768216.5889609358,6166.623889047623,10718.649944618764,8442.636916833195,0.0,0.0,0.0,0.0,0.0,0.0,3.7900474610106483,0.01872867995009316,-1.7274928318395764,37.45735990018632,1.573537163824405,,,6.111104809252925,3.922514127199566,0.5935645164027009,,,4.030140087733102,0.03255365787207949,-1.4874002051171225,65.10731574415898,1.8136297905468588,,,6.351197435975379,6.8180022957046695,0.8336571431251549,,,3.92647811245142,0.025641168911086327,-1.5910621803988043,51.28233782217266,1.709967815265177,,,6.2475354606936975,5.370258211452118,0.729995167843473,,,,,
200,51105,lee,51,VA,SERC,coal,,23541.0,0.47224521433619887,0.7932010036849625,0.6327231090105807,4426214.537887234,7434438.0999437235,5930326.318915479,21133.679263437854,35496.93060813308,28315.30493578547,0.0,0.0,0.0,0.0,0.0,0.0,4.3249751120409,0.8977392321242876,-0.04684979528799249,1795.4784642485752,3.2541802003759885,,,6.646032460283177,188.02151726295546,2.2742075529542847,,,4.550190801573924,1.507876921461836,0.17836589424503158,3015.753842923672,3.479395889909013,,,6.871248149816202,315.8080837663533,2.499423242487309,,,4.452021243031799,1.2028080767930618,0.08019633570290721,2405.616153586124,3.3812263313668884,,,6.773078591274077,251.9148005146544,2.4012536839451846,,,,,
205,51520,bristol city,51,VA,RFC,coal,,16482.0,0.4786388075596116,0.7959762105114211,0.6373075090355164,1514149.5691548577,2518030.333454065,2016089.9513044613,7229.552719933393,12022.744263143402,9626.148491538399,0.0,0.0,0.0,0.0,0.0,0.0,3.8591114290685744,0.43863321926546495,-0.35789848073563124,877.2664385309299,2.94313151492835,,,6.180168777310851,91.86685894641776,1.963158867506646,,,4.08000360928984,0.7294469277480525,-0.1370063005143655,1458.893855496105,3.164023695149616,,,6.401060957532118,152.77456215593162,2.184051047727912,,,3.9834525567552537,0.5840400735067588,-0.23355735304895212,1168.0801470135175,3.067472642615029,,,6.304509904997531,122.3207105511747,2.0874999951933253,,,,,
207,53033,king,53,WA,WECC,coal,,2233163.0,0.4409873724849437,0.7778644933537233,0.6094259329193336,1299281.8433460179,2291823.4758129013,1795552.6595794593,6203.631910528646,10942.682929546043,8573.157420037345,0.0,0.0,0.0,0.0,0.0,0.0,3.7926460212549222,0.002777957502667134,-2.5562744024062978,5.555915005334269,0.7447555932576833,,,6.113703369497199,0.5818123636053516,-0.23521705416402075,,,4.0391238154750875,0.004900082497133458,-2.3097966081861325,9.800164994266915,0.9912333874778486,,,6.360181163717365,1.0262678881088847,0.011260740056144835,,,3.933140798301082,0.003839019999900296,-2.415779625360138,7.678039999800593,0.8852503703038431,,,6.254198146543359,0.804040125857118,-0.0947222771178609,,,,,
208,53041,lewis,53,WA,WECC,coal,,79604.0,0.4409873724849437,0.7778644933537233,0.6094259329193336,1299281.8433460179,2291823.4758129013,1795552.6595794593,6203.631910528646,10942.682929546043,8573.157420037345,0.0,0.0,0.0,0.0,0.0,0.0,3.7926460212549222,0.07793115811427373,-1.108288869777739,155.86231622854746,2.192741125886242,,,6.113703369497199,16.321816031179562,1.212768478464538,,,4.0391238154750875,0.1374639833368429,-0.8618110755575739,274.9279666736858,2.4392189201064074,,,6.360181163717365,28.790305459686714,1.4592462726847035,,,3.933140798301082,0.10769757072555833,-0.9677940927315793,215.39514145111664,2.333235902932402,,,6.254198146543359,22.556060745433136,1.3532632555106978,,,,,
209,53073,whatcom,53,WA,WECC,coal,,225685.0,0.6342504244451147,0.8718664914825904,0.7530584579638525,1263943.607370927,1737468.4129765213,1500706.010173724,6034.903770841648,8295.824763100463,7165.364266971055,0.0,0.0,0.0,0.0,0.0,0.0,3.780670349474683,0.02674038492075968,-1.57283234547498,53.48076984151936,1.7281976501890013,,,6.101727697716961,5.600476803380495,0.7482250027672974,,,3.9188595696560227,0.03675842330283565,-1.4346431252936407,73.5168466056713,1.8663868703703406,,,6.2399169178983,7.698643742280264,0.8864142229486365,,,3.85523827360485,0.03174940411179766,-1.4982644213448133,63.498808223595326,1.802765574319168,,,6.176295621847127,6.649560272830379,0.8227929268974639,,,,,
212,54011,cabell,54,WV,RFC,coal,,93224.0,0.47863880755961163,0.7959762105114211,0.6373075090355164,1967319.6172512393,3271652.003707185,2619485.810479212,9393.286620829462,15621.033168657708,12507.159894743585,0.0,0.0,0.0,0.0,0.0,0.0,3.9728175743269425,0.10076039025175343,-0.9967101591189935,201.52078050350687,2.3043198365449875,,,6.29387492256922,21.103145297897957,1.3243471891232836,,,4.193709754548208,0.16756450236696246,-0.7758179788977277,335.12900473392494,2.5252120167662535,,,6.514767102790485,35.094525054784015,1.5452393693445496,,,4.097158702013622,0.13416244630935795,-0.8723690314323144,268.3248926187159,2.4286609642316668,,,6.418216050255899,28.098835176340987,1.448688316809963,,,,,
213,54015,clay,54,WV,RFC,coal,,8632.0,0.575809406343601,0.8430294672894985,0.7094194368165498,13995613.541469194,20490659.753505066,17243136.647487134,66824.32700644052,97835.97867208558,82330.15283926306,0.0,0.0,0.0,0.0,0.0,0.0,4.824934593633423,7.74146513049589,0.8888231619585689,15482.930260991781,4.18985315762255,,,7.1459919418757005,1621.3639413194155,3.209880510200846,,,4.990498593696929,11.334103182586373,1.0543871620220744,22668.206365172748,4.355417157686055,,,7.311555941939206,2373.8021030473897,3.375444510264352,,,4.915558921644813,9.537784156541132,0.9794474899699585,19075.568313082265,4.28047748563394,,,7.23661626988709,1997.5830221834028,3.3005048382122357,,,,,
229,54077,preston,54,WV,RFC,coal,,33839.0,0.6758642051240923,0.8914793502562899,0.783671777690191,2697884.896571826,3558567.9141278374,3128226.4053498325,12881.48904798405,16990.95972203749,14936.22438501077,0.0,0.0,0.0,0.0,0.0,0.0,4.109966068609524,0.38066990892118713,-0.41945145180654786,761.3398178423743,2.8815785438574335,,,6.431023416851802,79.72708698755359,1.9016058964357292,,,4.23021791037072,0.5021117563177839,-0.29919961004535284,1004.2235126355679,3.0018303856186286,,,6.551275258612997,105.16173392026471,2.0218577381969243,,,4.17424082934113,0.4413908326194855,-0.3551766910749427,882.781665238971,2.9458533045890385,,,6.4952981775834076,92.44441045390917,1.9658806571673346,,,,,
239,56003,big horn,56,WY,WECC,coal,,11881.0,0.4833398575790392,0.7984397419194391,0.6408897997492391,766682.4716028834,1266499.638219182,1016591.0549110327,3660.6498200806227,6047.107954726566,4853.8788874035945,0.0,0.0,0.0,0.0,0.0,0.0,3.5635581860023953,0.3081095715916693,-0.5112948098788519,616.2191431833386,2.7897351857851294,,,5.884615534244673,64.53012975363045,1.8097625383634253,,,3.7815477218263065,0.5089729782616418,-0.2933052740549408,1017.9459565232836,3.0077247216090406,,,6.102605070068583,106.59874069684217,2.0277520741873367,,,3.6860889357395266,0.40854127492665554,-0.38876406014172077,817.0825498533111,2.9122659355222607,,,6.007146283981804,85.56443522523631,1.9322932881005566,,,,,
241,56007,carbon,56,WY,WECC,coal,,14971.0,0.4833398575790392,0.7984397419194391,0.6408897997492391,766682.4716028834,1266499.638219182,1016591.0549110327,3660.6498200806227,6047.107954726566,4853.8788874035945,0.0,0.0,0.0,0.0,0.0,0.0,3.5635581860023953,0.24451605237329654,-0.6116926243591644,489.03210474659306,2.6893373713048168,,,5.884615534244673,51.211173041405615,1.709364723883113,,,3.7815477218263065,0.40392144510898176,-0.39370308853525326,807.8428902179635,2.907326907128728,,,6.102605070068583,84.59686315003553,1.9273542597070241,,,3.6860889357395266,0.32421874874113915,-0.4891618746220332,648.4374974822783,2.811868121041948,,,6.007146283981804,67.90401809572057,1.8318954736202442,,,,,
245,56041,uinta,56,WY,WECC,coal,,20299.0,0.4409873724849437,0.7778644933537234,0.6094259329193334,595879.3037962607,1051080.7829611339,823480.0433786975,2845.1223903308355,5018.555688370852,3931.8390393508434,0.0,0.0,0.0,0.0,0.0,0.0,3.4541009534383087,0.14016071680037614,-0.8533736901311032,280.3214336007523,2.447656305532878,,,5.775158301680586,29.355106349882295,1.467683658111174,,,3.700578747658474,0.24723167093801923,-0.6068958959109376,494.46334187603844,2.6941340997530436,,,6.021636095900751,51.779929206420704,1.7141614523313395,,,3.5945957304844685,0.19369619386919767,-0.7128789130849433,387.39238773839537,2.5881510825790377,,,5.915653078726746,40.56751777815151,1.608178435157334,,,,,
