,FIPS,NERC Region
0,01023,SERC
1,01025,SERC
2,01047,SERC
3,01053,SERC
4,01091,SERC
5,01113,SERC
6,01131,SERC
7,05003,SERC
8,05041,SERC
9,05081,SERC
10,06079,WECC
11,06087,WECC
12,06109,WECC
13,08037,WECC
14,09013,NPCC
15,12047,SERC
16,12051,SERC
17,12123,SERC
18,13021,SERC
19,13039,SERC
20,13059,SERC
21,13099,SERC
22,13175,SERC
23,13179,SERC
24,13193,SERC
25,13215,SERC
26,13245,SERC
27,13305,SERC
28,16027,WECC
29,16065,WECC
30,16069,WECC
31,16083,WECC
32,17041,SERC
33,17091,RFC
34,17111,RFC
35,17113,RFC
36,17177,RFC
37,18001,RFC
38,18063,RFC
39,19045,MRO
40,19111,MRO
41,19135,MRO
42,19195,MRO
43,20147,MRO
44,21091,SERC
45,22011,SERC
46,22045,SERC
47,22049,SERC
48,22061,SERC
49,22069,MRO
50,22087,SERC
51,22117,SERC
52,22121,SERC
53,22125,SERC
54,23001,NPCC
55,23025,NPCC
56,23027,NPCC
57,24009,RFC
58,25011,NPCC
59,26003,MRO
60,26043,RFC
61,26073,RFC
62,26121,RFC
63,26151,RFC
64,27071,MRO
65,27075,MRO
66,27149,MRO
67,28077,SERC
68,28111,SERC
69,31141,MRO
70,31157,MRO
71,33011,NPCC
72,33017,NPCC
73,34031,RFC
74,35017,WECC
75,36027,NPCC
76,36077,NPCC
77,36113,NPCC
78,36117,NPCC
79,37017,SERC
80,37047,SERC
81,37061,SERC
82,37067,SERC
83,37087,SERC
84,37107,SERC
85,37117,SERC
86,37135,SERC
87,37147,SERC
88,38017,MRO
89,38067,MRO
90,39133,RFC
91,39141,RFC
92,40027,MRO
93,40089,MRO
94,40151,MRO
95,41003,WECC
96,41007,WECC
97,41019,WECC
98,41041,WECC
99,42013,RFC
100,42047,RFC
101,42049,RFC
102,42085,RFC
103,42119,RFC
104,45041,SERC
105,45045,SERC
106,45055,SERC
107,45069,SERC
108,45077,SERC
109,46083,MRO
110,47071,SERC
111,47093,SERC
112,47105,SERC
113,47107,SERC
114,47149,SERC
115,48067,MRO
116,48081,TRE
117,48211,MRO
118,48241,TRE
119,48371,TRE
120,48415,TRE
121,49045,WECC
122,51069,RFC
123,51071,RFC
124,51093,SERC
125,51101,SERC
126,51510,SERC
127,51580,SERC
128,51740,SERC
129,53031,WECC
130,53075,WECC
131,55027,MRO
132,55069,MRO
133,55085,MRO
134,55097,RFC
135,55101,RFC
136,56007,WECC
137,56015,WECC
138,01001,SERC
139,01015,SERC
140,01033,SERC
141,01039,SERC
142,01055,SERC
143,01063,SERC
144,01069,SERC
145,01073,SERC
146,01081,SERC
147,01085,SERC
148,01097,SERC
149,01099,SERC
150,01103,SERC
151,01117,SERC
152,01121,SERC
153,01123,SERC
154,01127,SERC
155,01129,SERC
156,02013,ASCC
157,02016,ASCC
158,02020,ASCC
159,02050,ASCC
160,02060,ASCC
161,02068,ASCC
162,02070,ASCC
163,02090,ASCC
164,02100,ASCC
165,02110,ASCC
166,02122,ASCC
167,02130,ASCC
168,02150,ASCC
169,02158,ASCC
170,02164,ASCC
171,02180,ASCC
172,02185,ASCC
173,02188,ASCC
174,02201,ASCC
175,02220,ASCC
176,02232,ASCC
177,02240,ASCC
178,02261,ASCC
179,02280,ASCC
180,02282,ASCC
181,02290,ASCC
182,04001,WECC
183,04003,WECC
184,04005,WECC
185,04013,WECC
186,04015,WECC
187,04017,WECC
188,04019,WECC
189,04021,WECC
190,04023,WECC
191,04027,WECC
192,05007,MRO
193,05021,SERC
194,05031,SERC
195,05047,SERC
196,05055,MRO
197,05057,MRO
198,05059,SERC
199,05063,SERC
200,05069,SERC
201,05093,SERC
202,05103,SERC
203,05119,SERC
204,05139,SERC
205,05143,MRO
206,05147,SERC
207,06001,WECC
208,06007,WECC
209,06011,WECC
210,06013,WECC
211,06017,WECC
212,06019,WECC
213,06023,WECC
214,06025,WECC
215,06027,WECC
216,06029,WECC
217,06031,WECC
218,06033,WECC
219,06035,WECC
220,06037,WECC
221,06039,WECC
222,06047,WECC
223,06051,WECC
224,06053,WECC
225,06055,WECC
226,06059,WECC
227,06061,WECC
228,06065,WECC
229,06067,WECC
230,06071,WECC
231,06073,WECC
232,06075,WECC
233,06077,WECC
234,06081,WECC
235,06083,WECC
236,06085,WECC
237,06089,WECC
238,06095,WECC
239,06097,WECC
240,06099,WECC
241,06101,WECC
242,06103,WECC
243,06107,WECC
244,06111,WECC
245,06113,WECC
246,08001,WECC
247,08003,WECC
248,08013,WECC
249,08031,WECC
250,08041,WECC
251,08045,WECC
252,08059,WECC
253,08063,WECC
254,08069,WECC
255,08071,WECC
256,08073,WECC
257,08077,WECC
258,08081,WECC
259,08085,WECC
260,08087,WECC
261,08089,WECC
262,08099,WECC
263,08101,WECC
264,08107,WECC
265,08123,WECC
266,09001,NPCC
267,09003,NPCC
268,09005,NPCC
269,09007,NPCC
270,09009,NPCC
271,09011,NPCC
272,09015,NPCC
273,10001,RFC
274,10003,RFC
275,10005,RFC
276,11001,RFC
277,12001,SERC
278,12005,SERC
279,12009,SERC
280,12011,SERC
281,12017,SERC
282,12031,SERC
283,12033,SERC
284,12049,SERC
285,12055,SERC
286,12057,SERC
287,12069,SERC
288,12071,SERC
289,12073,SERC
290,12081,SERC
291,12085,SERC
292,12086,SERC
293,12087,SERC
294,12089,SERC
295,12093,SERC
296,12095,SERC
297,12097,SERC
298,12099,SERC
299,12101,SERC
300,12103,SERC
301,12105,SERC
302,12107,SERC
303,12111,SERC
304,12113,SERC
305,12121,SERC
306,12127,SERC
307,12129,SERC
308,13013,SERC
309,13015,SERC
310,13033,SERC
311,13051,SERC
312,13067,SERC
313,13077,SERC
314,13087,SERC
315,13089,SERC
316,13095,SERC
317,13103,SERC
318,13115,SERC
319,13121,SERC
320,13127,SERC
321,13147,SERC
322,13149,SERC
323,13153,SERC
324,13157,SERC
325,13185,SERC
326,13205,SERC
327,13207,SERC
328,13213,SERC
329,13233,SERC
330,13263,SERC
331,13293,SERC
332,13297,SERC
333,13303,SERC
334,13321,SERC
335,15001,HICC
336,15003,HICC
337,15007,HICC
338,15009,HICC
339,16031,WECC
340,16039,WECC
341,16055,WECC
342,16059,WECC
343,16075,WECC
344,17011,SERC
345,17019,SERC
346,17021,RFC
347,17023,SERC
348,17025,SERC
349,17027,SERC
350,17031,RFC
351,17039,SERC
352,17043,RFC
353,17049,SERC
354,17051,SERC
355,17053,SERC
356,17057,SERC
357,17063,RFC
358,17065,SERC
359,17073,MRO
360,17077,SERC
361,17079,SERC
362,17089,RFC
363,17093,RFC
364,17097,RFC
365,17099,RFC
366,17103,RFC
367,17109,SERC
368,17115,SERC
369,17119,SERC
370,17121,SERC
371,17125,SERC
372,17127,SERC
373,17133,SERC
374,17135,SERC
375,17139,SERC
376,17141,RFC
377,17143,SERC
378,17145,SERC
379,17147,SERC
380,17149,SERC
381,17155,SERC
382,17157,SERC
383,17161,RFC
384,17163,SERC
385,17167,SERC
386,17171,SERC
387,17173,SERC
388,17179,RFC
389,17183,SERC
390,17191,SERC
391,17193,SERC
392,17195,RFC
393,17197,RFC
394,17199,SERC
395,17201,RFC
396,18029,RFC
397,18043,RFC
398,18051,RFC
399,18055,RFC
400,18057,RFC
401,18065,RFC
402,18073,RFC
403,18077,RFC
404,18081,RFC
405,18083,RFC
406,18089,RFC
407,18091,RFC
408,18093,RFC
409,18095,RFC
410,18097,RFC
411,18109,RFC
412,18125,RFC
413,18127,RFC
414,18129,RFC
415,18141,RFC
416,18147,RFC
417,18153,RFC
418,18157,RFC
419,18165,RFC
420,18167,RFC
421,18173,RFC
422,18177,RFC
423,18179,RFC
424,19001,MRO
425,19003,MRO
426,19005,MRO
427,19009,MRO
428,19011,MRO
429,19013,MRO
430,19015,MRO
431,19017,MRO
432,19021,MRO
433,19027,MRO
434,19029,MRO
435,19031,MRO
436,19033,MRO
437,19037,MRO
438,19041,MRO
439,19043,MRO
440,19047,MRO
441,19051,MRO
442,19053,MRO
443,19055,MRO
444,19057,MRO
445,19059,MRO
446,19061,MRO
447,19063,MRO
448,19067,MRO
449,19073,MRO
450,19075,MRO
451,19077,MRO
452,19079,MRO
453,19087,MRO
454,19089,MRO
455,19095,MRO
456,19097,MRO
457,19103,MRO
458,19109,MRO
459,19113,MRO
460,19115,MRO
461,19119,MRO
462,19121,MRO
463,19125,MRO
464,19127,MRO
465,19131,MRO
466,19137,MRO
467,19139,MRO
468,19143,MRO
469,19145,MRO
470,19147,MRO
471,19151,MRO
472,19153,MRO
473,19155,MRO
474,19157,MRO
475,19163,MRO
476,19169,MRO
477,19171,MRO
478,19173,MRO
479,19175,MRO
480,19179,MRO
481,19181,MRO
482,19187,MRO
483,19189,MRO
484,19193,MRO
485,19197,MRO
486,20001,MRO
487,20009,MRO
488,20015,MRO
489,20021,MRO
490,20023,MRO
491,20025,MRO
492,20027,MRO
493,20031,MRO
494,20035,MRO
495,20037,MRO
496,20039,MRO
497,20045,MRO
498,20051,MRO
499,20055,MRO
500,20057,MRO
501,20059,MRO
502,20065,MRO
503,20067,MRO
504,20077,MRO
505,20083,MRO
506,20085,MRO
507,20091,MRO
508,20095,MRO
509,20105,MRO
510,20107,MRO
511,20111,MRO
512,20113,MRO
513,20119,MRO
514,20121,MRO
515,20123,MRO
516,20125,MRO
517,20131,MRO
518,20133,MRO
519,20139,MRO
520,20141,MRO
521,20143,MRO
522,20145,MRO
523,20149,MRO
524,20151,MRO
525,20155,MRO
526,20157,MRO
527,20159,MRO
528,20163,MRO
529,20165,MRO
530,20167,MRO
531,20173,MRO
532,20175,MRO
533,20181,MRO
534,20185,MRO
535,20187,MRO
536,20189,MRO
537,20191,MRO
538,20193,MRO
539,20199,MRO
540,20201,MRO
541,20209,MRO
542,21015,RFC
543,21017,SERC
544,21041,SERC
545,21049,SERC
546,21059,SERC
547,21067,SERC
548,21101,SERC
549,21111,SERC
550,21127,RFC
551,21145,SERC
552,21157,SERC
553,21161,SERC
554,21167,SERC
555,21177,SERC
556,21183,SERC
557,21185,SERC
558,21199,SERC
559,21223,SERC
560,21233,SERC
561,22001,SERC
562,22005,SERC
563,22017,MRO
564,22019,SERC
565,22031,SERC
566,22033,SERC
567,22039,SERC
568,22047,SERC
569,22051,SERC
570,22055,SERC
571,22073,SERC
572,22075,SERC
573,22077,SERC
574,22079,SERC
575,22089,SERC
576,22093,SERC
577,22101,SERC
578,22109,SERC
579,23005,NPCC
580,23007,NPCC
581,23009,NPCC
582,23017,NPCC
583,23019,NPCC
584,23029,NPCC
585,24001,RFC
586,24003,RFC
587,24005,RFC
588,24015,RFC
589,24017,RFC
590,24019,RFC
591,24025,RFC
592,24031,RFC
593,24033,RFC
594,24039,RFC
595,24041,RFC
596,24045,RFC
597,24047,RFC
598,24510,RFC
599,25001,NPCC
600,25003,NPCC
601,25005,NPCC
602,25007,NPCC
603,25009,NPCC
604,25013,NPCC
605,25015,NPCC
606,25017,NPCC
607,25019,NPCC
608,25021,NPCC
609,25023,NPCC
610,25025,NPCC
611,25027,NPCC
612,26001,RFC
613,26005,RFC
614,26007,RFC
615,26013,RFC
616,26017,RFC
617,26023,RFC
618,26025,RFC
619,26029,RFC
620,26031,RFC
621,26033,RFC
622,26039,RFC
623,26041,MRO
624,26045,RFC
625,26049,RFC
626,26057,RFC
627,26059,RFC
628,26061,MRO
629,26063,RFC
630,26065,RFC
631,26075,RFC
632,26077,RFC
633,26079,RFC
634,26081,RFC
635,26091,RFC
636,26093,RFC
637,26095,RFC
638,26099,RFC
639,26101,RFC
640,26103,RFC
641,26105,RFC
642,26111,RFC
643,26113,RFC
644,26115,RFC
645,26117,RFC
646,26119,RFC
647,26125,RFC
648,26133,RFC
649,26137,RFC
650,26139,RFC
651,26147,RFC
652,26149,RFC
653,26153,RFC
654,26157,RFC
655,26159,RFC
656,26161,RFC
657,26163,RFC
658,27005,MRO
659,27007,MRO
660,27009,MRO
661,27013,MRO
662,27015,MRO
663,27017,MRO
664,27019,MRO
665,27025,MRO
666,27027,MRO
667,27031,MRO
668,27033,MRO
669,27037,MRO
670,27041,MRO
671,27043,MRO
672,27045,MRO
673,27049,MRO
674,27053,MRO
675,27059,MRO
676,27061,MRO
677,27063,MRO
678,27065,MRO
679,27067,MRO
680,27079,MRO
681,27083,MRO
682,27085,MRO
683,27091,MRO
684,27093,MRO
685,27095,MRO
686,27099,MRO
687,27105,MRO
688,27107,MRO
689,27109,MRO
690,27111,MRO
691,27113,MRO
692,27115,MRO
693,27119,MRO
694,27123,MRO
695,27127,MRO
696,27129,MRO
697,27131,MRO
698,27133,MRO
699,27137,MRO
700,27139,MRO
701,27141,MRO
702,27145,MRO
703,27147,MRO
704,27151,MRO
705,27161,MRO
706,27163,MRO
707,27165,MRO
708,27169,MRO
709,27171,MRO
710,27173,MRO
711,28007,SERC
712,28009,SERC
713,28019,SERC
714,28027,SERC
715,28033,SERC
716,28047,SERC
717,28049,SERC
718,28059,SERC
719,28065,SERC
720,28067,SERC
721,28069,SERC
722,28075,SERC
723,28087,SERC
724,28107,SERC
725,28129,SERC
726,28149,SERC
727,28151,SERC
728,28163,SERC
729,29007,SERC
730,29013,SERC
731,29019,SERC
732,29021,MRO
733,29023,SERC
734,29027,SERC
735,29031,SERC
736,29037,MRO
737,29041,SERC
738,29045,SERC
739,29051,SERC
740,29069,SERC
741,29071,SERC
742,29077,MRO
743,29079,SERC
744,29091,SERC
745,29095,MRO
746,29097,MRO
747,29099,SERC
748,29101,SERC
749,29107,SERC
750,29115,SERC
751,29117,SERC
752,29121,SERC
753,29123,SERC
754,29127,SERC
755,29143,SERC
756,29147,SERC
757,29163,SERC
758,29165,MRO
759,29171,SERC
760,29175,SERC
761,29183,SERC
762,29187,SERC
763,29189,SERC
764,29195,SERC
765,29201,SERC
766,29205,SERC
767,29207,SERC
768,29217,MRO
769,29510,SERC
770,30003,WECC
771,30017,MRO
772,30021,MRO
773,30023,WECC
774,30083,MRO
775,30085,MRO
776,30087,WECC
777,30093,WECC
778,30111,WECC
779,31001,MRO
780,31023,MRO
781,31025,MRO
782,31027,MRO
783,31033,MRO
784,31039,MRO
785,31041,MRO
786,31049,MRO
787,31051,MRO
788,31053,MRO
789,31055,MRO
790,31061,MRO
791,31063,MRO
792,31065,MRO
793,31067,MRO
794,31071,MRO
795,31073,MRO
796,31077,MRO
797,31079,MRO
798,31089,MRO
799,31097,MRO
800,31105,MRO
801,31109,MRO
802,31111,MRO
803,31119,MRO
804,31127,MRO
805,31131,MRO
806,31139,MRO
807,31145,MRO
808,31147,MRO
809,31151,MRO
810,31153,MRO
811,31155,MRO
812,31169,MRO
813,31173,MRO
814,31175,MRO
815,31179,MRO
816,31181,MRO
817,31185,MRO
818,32001,WECC
819,32003,WECC
820,32007,WECC
821,32011,WECC
822,32013,WECC
823,32015,WECC
824,32019,WECC
825,32021,WECC
826,32027,WECC
827,32029,WECC
828,32031,WECC
829,33003,NPCC
830,33007,NPCC
831,33009,NPCC
832,33013,NPCC
833,33015,NPCC
834,34001,RFC
835,34003,RFC
836,34005,RFC
837,34007,RFC
838,34011,RFC
839,34013,RFC
840,34015,RFC
841,34017,RFC
842,34019,RFC
843,34021,RFC
844,34023,RFC
845,34029,RFC
846,34033,RFC
847,34035,RFC
848,34039,RFC
849,34041,RFC
850,35001,WECC
851,35013,WECC
852,35023,WECC
853,35025,MRO
854,35029,WECC
855,35031,WECC
856,35037,WECC
857,35045,WECC
858,35061,WECC
859,36001,NPCC
860,36003,NPCC
861,36005,NPCC
862,36009,NPCC
863,36011,NPCC
864,36013,NPCC
865,36019,NPCC
866,36029,NPCC
867,36031,NPCC
868,36037,NPCC
869,36039,NPCC
870,36045,NPCC
871,36047,NPCC
872,36049,NPCC
873,36055,NPCC
874,36059,NPCC
875,36061,NPCC
876,36063,NPCC
877,36065,NPCC
878,36067,NPCC
879,36071,NPCC
880,36075,NPCC
881,36081,NPCC
882,36083,NPCC
883,36085,NPCC
884,36087,NPCC
885,36089,NPCC
886,36091,NPCC
887,36103,NPCC
888,36109,NPCC
889,36115,NPCC
890,36119,NPCC
891,36121,NPCC
892,36123,NPCC
893,37007,SERC
894,37019,SERC
895,37021,SERC
896,37023,SERC
897,37027,SERC
898,37035,SERC
899,37041,SERC
900,37045,SERC
901,37049,SERC
902,37051,SERC
903,37055,SERC
904,37057,SERC
905,37065,SERC
906,37071,SERC
907,37081,SERC
908,37083,SERC
909,37095,SERC
910,37097,SERC
911,37109,SERC
912,37119,SERC
913,37129,SERC
914,37145,SERC
915,37153,SERC
916,37155,SERC
917,37157,SERC
918,37159,SERC
919,37161,SERC
920,37167,SERC
921,37169,SERC
922,37179,SERC
923,37183,SERC
924,37191,SERC
925,37195,SERC
926,38053,MRO
927,38055,MRO
928,38057,MRO
929,38059,MRO
930,38065,MRO
931,38093,MRO
932,38097,MRO
933,38105,MRO
934,39007,RFC
935,39011,RFC
936,39017,RFC
937,39019,RFC
938,39025,RFC
939,39031,RFC
940,39033,RFC
941,39035,RFC
942,39037,RFC
943,39039,RFC
944,39049,RFC
945,39051,RFC
946,39053,RFC
947,39061,RFC
948,39069,RFC
949,39081,RFC
950,39085,RFC
951,39087,RFC
952,39093,RFC
953,39095,RFC
954,39101,RFC
955,39103,RFC
956,39109,RFC
957,39111,RFC
958,39113,RFC
959,39119,RFC
960,39123,RFC
961,39129,RFC
962,39139,RFC
963,39143,RFC
964,39145,RFC
965,39149,RFC
966,39153,RFC
967,39155,RFC
968,39157,RFC
969,39161,RFC
970,39163,RFC
971,39167,RFC
972,39169,RFC
973,39171,RFC
974,39173,RFC
975,40015,MRO
976,40017,MRO
977,40023,MRO
978,40031,MRO
979,40055,MRO
980,40059,MRO
981,40071,MRO
982,40073,MRO
983,40079,MRO
984,40083,MRO
985,40087,MRO
986,40097,SERC
987,40101,MRO
988,40103,MRO
989,40107,MRO
990,40109,MRO
991,40113,MRO
992,40119,MRO
993,40121,TRE
994,40131,MRO
995,40133,MRO
996,40143,MRO
997,40145,MRO
998,40153,MRO
999,41009,WECC
1000,41035,WECC
1001,41039,WECC
1002,41045,WECC
1003,41047,WECC
1004,41049,WECC
1005,41059,WECC
1006,42001,RFC
1007,42003,RFC
1008,42005,RFC
1009,42007,RFC
1010,42011,RFC
1011,42015,RFC
1012,42017,RFC
1013,42021,RFC
1014,42025,RFC
1015,42027,RFC
1016,42029,RFC
1017,42033,RFC
1018,42041,RFC
1019,42043,RFC
1020,42045,RFC
1021,42051,RFC
1022,42055,RFC
1023,42063,RFC
1024,42069,RFC
1025,42071,RFC
1026,42073,RFC
1027,42075,RFC
1028,42077,RFC
1029,42079,RFC
1030,42081,RFC
1031,42089,RFC
1032,42091,RFC
1033,42093,RFC
1034,42095,RFC
1035,42097,RFC
1036,42101,RFC
1037,42107,RFC
1038,42109,RFC
1039,42115,RFC
1040,42117,RFC
1041,42121,RFC
1042,42123,RFC
1043,42129,RFC
1044,42131,RFC
1045,42133,RFC
1046,44005,NPCC
1047,44007,NPCC
1048,44009,NPCC
1049,45001,SERC
1050,45003,SERC
1051,45007,SERC
1052,45013,SERC
1053,45015,SERC
1054,45017,SERC
1055,45019,SERC
1056,45021,SERC
1057,45031,SERC
1058,45039,SERC
1059,45043,SERC
1060,45051,SERC
1061,45053,SERC
1062,45063,SERC
1063,45073,SERC
1064,45075,SERC
1065,45079,SERC
1066,45083,SERC
1067,45087,SERC
1068,45091,SERC
1069,46005,MRO
1070,46011,MRO
1071,46013,MRO
1072,46025,MRO
1073,46027,MRO
1074,46029,MRO
1075,46049,MRO
1076,46051,MRO
1077,46077,MRO
1078,46099,MRO
1079,46103,WECC
1080,46117,MRO
1081,46135,MRO
1082,47001,SERC
1083,47037,SERC
1084,47067,SERC
1085,47073,SERC
1086,47075,SERC
1087,47085,SERC
1088,47145,SERC
1089,47157,SERC
1090,47161,SERC
1091,47163,RFC
1092,47165,SERC
1093,47177,SERC
1094,47179,SERC
1095,47183,SERC
1096,48013,TRE
1097,48021,TRE
1098,48027,TRE
1099,48029,TRE
1100,48035,TRE
1101,48039,TRE
1102,48041,TRE
1103,48057,TRE
1104,48061,TRE
1105,48071,TRE
1106,48073,TRE
1107,48085,TRE
1108,48089,TRE
1109,48113,TRE
1110,48121,TRE
1111,48135,TRE
1112,48139,TRE
1113,48141,WECC
1114,48149,TRE
1115,48157,TRE
1116,48161,TRE
1117,48163,TRE
1118,48167,TRE
1119,48175,TRE
1120,48181,TRE
1121,48183,MRO
1122,48185,SERC
1123,48187,TRE
1124,48189,MRO
1125,48199,SERC
1126,48201,TRE
1127,48203,MRO
1128,48209,TRE
1129,48213,TRE
1130,48215,TRE
1131,48221,TRE
1132,48227,TRE
1133,48231,TRE
1134,48233,MRO
1135,48245,SERC
1136,48251,TRE
1137,48257,TRE
1138,48277,TRE
1139,48279,MRO
1140,48293,TRE
1141,48299,TRE
1142,48303,MRO
1143,48309,TRE
1144,48315,MRO
1145,48335,TRE
1146,48339,SERC
1147,48343,MRO
1148,48351,SERC
1149,48355,TRE
1150,48361,SERC
1151,48363,TRE
1152,48375,MRO
1153,48395,TRE
1154,48401,TRE
1155,48407,SERC
1156,48409,TRE
1157,48439,TRE
1158,48449,MRO
1159,48453,TRE
1160,48469,TRE
1161,48475,TRE
1162,48479,TRE
1163,48481,TRE
1164,48485,TRE
1165,48487,TRE
1166,48497,TRE
1167,48501,MRO
1168,48503,TRE
1169,49001,WECC
1170,49005,WECC
1171,49007,WECC
1172,49011,WECC
1173,49015,WECC
1174,49023,WECC
1175,49027,WECC
1176,49035,WECC
1177,49047,WECC
1178,49049,WECC
1179,49051,WECC
1180,49053,WECC
1181,50001,NPCC
1182,50007,NPCC
1183,50011,NPCC
1184,50021,NPCC
1185,50023,NPCC
1186,50027,NPCC
1187,51001,RFC
1188,51005,SERC
1189,51007,SERC
1190,51019,RFC
1191,51025,SERC
1192,51027,RFC
1193,51029,SERC
1194,51031,SERC
1195,51033,SERC
1196,51036,SERC
1197,51041,SERC
1198,51047,SERC
1199,51053,SERC
1200,51059,SERC
1201,51061,SERC
1202,51065,SERC
1203,51075,SERC
1204,51081,SERC
1205,51083,SERC
1206,51085,SERC
1207,51087,SERC
1208,51089,RFC
1209,51091,SERC
1210,51097,SERC
1211,51099,SERC
1212,51107,SERC
1213,51109,SERC
1214,51121,RFC
1215,51131,RFC
1216,51149,SERC
1217,51153,SERC
1218,51155,SERC
1219,51159,SERC
1220,51165,SERC
1221,51167,RFC
1222,51175,SERC
1223,51181,SERC
1224,51187,SERC
1225,51191,RFC
1226,51195,RFC
1227,51199,SERC
1228,51520,RFC
1229,51550,SERC
1230,51590,RFC
1231,51670,SERC
1232,51760,SERC
1233,51775,RFC
1234,51810,SERC
1235,53011,WECC
1236,53015,WECC
1237,53027,WECC
1238,53033,WECC
1239,53039,WECC
1240,53041,WECC
1241,53053,WECC
1242,53057,WECC
1243,53063,WECC
1244,53065,WECC
1245,53073,WECC
1246,54023,RFC
1247,54033,RFC
1248,54049,RFC
1249,54051,RFC
1250,54053,RFC
1251,54061,RFC
1252,54073,RFC
1253,54079,RFC
1254,54099,RFC
1255,55003,MRO
1256,55005,MRO
1257,55009,MRO
1258,55011,MRO
1259,55013,MRO
1260,55017,MRO
1261,55021,MRO
1262,55025,MRO
1263,55029,RFC
1264,55039,MRO
1265,55043,MRO
1266,55055,RFC
1267,55057,MRO
1268,55059,RFC
1269,55063,MRO
1270,55065,MRO
1271,55071,MRO
1272,55073,MRO
1273,55075,MRO
1274,55079,RFC
1275,55081,MRO
1276,55087,RFC
1277,55089,RFC
1278,55095,MRO
1279,55103,MRO
1280,55105,MRO
1281,55113,MRO
1282,55117,MRO
1283,55121,MRO
1284,55123,MRO
1285,55131,RFC
1286,55139,RFC
1287,55141,MRO
1288,56005,WECC
1289,56009,WECC
1290,56013,WECC
1291,56021,WECC
1292,56023,WECC
1293,56031,WECC
1294,56033,WECC
1295,56037,WECC
1296,56039,WECC
1297,01003,SERC
1298,01005,SERC
1299,01007,SERC
1300,01009,SERC
1301,01011,SERC
1302,01013,SERC
1303,01017,SERC
1304,01019,SERC
1305,01021,SERC
1306,01027,SERC
1307,01029,SERC
1308,01031,SERC
1309,01035,SERC
1310,01037,SERC
1311,01041,SERC
1312,01043,SERC
1313,01045,SERC
1314,01049,SERC
1315,01051,SERC
1316,01057,SERC
1317,01059,SERC
1318,01061,SERC
1319,01065,SERC
1320,01067,SERC
1321,01071,SERC
1322,01075,SERC
1323,01077,SERC
1324,01079,SERC
1325,01083,SERC
1326,01087,SERC
1327,01089,SERC
1328,01093,SERC
1329,01095,SERC
1330,01101,SERC
1331,01105,SERC
1332,01107,SERC
1333,01109,SERC
1334,01111,SERC
1335,01115,SERC
1336,01119,SERC
1337,01125,SERC
1338,01133,SERC
1339,02170,ASCC
1340,02270,ASCC
1341,04007,WECC
1342,04009,WECC
1343,04011,WECC
1344,04012,WECC
1345,04025,WECC
1346,05001,SERC
1347,05005,SERC
1348,05009,SERC
1349,05011,SERC
1350,05013,SERC
1351,05015,SERC
1352,05017,SERC
1353,05019,SERC
1354,05023,SERC
1355,05025,SERC
1356,05027,SERC
1357,05029,SERC
1358,05033,SERC
1359,05035,SERC
1360,05037,SERC
1361,05039,SERC
1362,05043,SERC
1363,05045,SERC
1364,05049,SERC
1365,05051,SERC
1366,05053,SERC
1367,05061,SERC
1368,05065,SERC
1369,05067,SERC
1370,05071,SERC
1371,05073,SERC
1372,05075,SERC
1373,05077,SERC
1374,05079,SERC
1375,05083,SERC
1376,05085,SERC
1377,05087,SERC
1378,05089,SERC
1379,05091,SERC
1380,05095,SERC
1381,05097,SERC
1382,05099,SERC
1383,05101,SERC
1384,05105,SERC
1385,05107,SERC
1386,05109,SERC
1387,05111,SERC
1388,05113,SERC
1389,05115,SERC
1390,05117,SERC
1391,05121,SERC
1392,05123,SERC
1393,05125,SERC
1394,05127,SERC
1395,05129,SERC
1396,05131,SERC
1397,05133,SERC
1398,05135,SERC
1399,05137,SERC
1400,05141,SERC
1401,05145,SERC
1402,05149,SERC
1403,06003,WECC
1404,06005,WECC
1405,06009,WECC
1406,06015,WECC
1407,06021,WECC
1408,06041,WECC
1409,06043,WECC
1410,06045,WECC
1411,06049,WECC
1412,06057,WECC
1413,06063,WECC
1414,06069,WECC
1415,06091,WECC
1416,06093,WECC
1417,06105,WECC
1418,06115,WECC
1419,08005,WECC
1420,08007,WECC
1421,08009,WECC
1422,08011,WECC
1423,08015,WECC
1424,08017,WECC
1425,08019,WECC
1426,08021,WECC
1427,08023,WECC
1428,08025,WECC
1429,08027,WECC
1430,08029,WECC
1431,08033,WECC
1432,08035,WECC
1433,08039,WECC
1434,08043,WECC
1435,08047,WECC
1436,08049,WECC
1437,08051,WECC
1438,08053,WECC
1439,08055,WECC
1440,08057,WECC
1441,08061,WECC
1442,08065,WECC
1443,08067,WECC
1444,08075,WECC
1445,08079,WECC
1446,08083,WECC
1447,08091,WECC
1448,08093,WECC
1449,08095,WECC
1450,08097,WECC
1451,08103,WECC
1452,08105,WECC
1453,08109,WECC
1454,08111,WECC
1455,08113,WECC
1456,08115,WECC
1457,08117,WECC
1458,08119,WECC
1459,08121,WECC
1460,08125,WECC
1461,12003,SERC
1462,12007,SERC
1463,12013,SERC
1464,12015,SERC
1465,12019,SERC
1466,12021,SERC
1467,12023,SERC
1468,12027,SERC
1469,12029,SERC
1470,12035,SERC
1471,12037,SERC
1472,12039,SERC
1473,12041,SERC
1474,12043,SERC
1475,12045,SERC
1476,12053,SERC
1477,12059,SERC
1478,12061,SERC
1479,12063,SERC
1480,12065,SERC
1481,12067,SERC
1482,12075,SERC
1483,12077,SERC
1484,12079,SERC
1485,12083,SERC
1486,12091,SERC
1487,12109,SERC
1488,12115,SERC
1489,12117,SERC
1490,12119,SERC
1491,12125,SERC
1492,12131,SERC
1493,12133,SERC
1494,13001,SERC
1495,13003,SERC
1496,13005,SERC
1497,13007,SERC
1498,13009,SERC
1499,13011,SERC
1500,13017,SERC
1501,13019,SERC
1502,13023,SERC
1503,13025,SERC
1504,13027,SERC
1505,13029,SERC
1506,13031,SERC
1507,13035,SERC
1508,13037,SERC
1509,13043,SERC
1510,13045,SERC
1511,13047,SERC
1512,13049,SERC
1513,13053,SERC
1514,13055,SERC
1515,13057,SERC
1516,13061,SERC
1517,13063,SERC
1518,13065,SERC
1519,13069,SERC
1520,13071,SERC
1521,13073,SERC
1522,13075,SERC
1523,13079,SERC
1524,13081,SERC
1525,13083,SERC
1526,13085,SERC
1527,13091,SERC
1528,13093,SERC
1529,13097,SERC
1530,13101,SERC
1531,13105,SERC
1532,13107,SERC
1533,13109,SERC
1534,13111,SERC
1535,13113,SERC
1536,13117,SERC
1537,13119,SERC
1538,13123,SERC
1539,13125,SERC
1540,13129,SERC
1541,13131,SERC
1542,13133,SERC
1543,13135,SERC
1544,13137,SERC
1545,13139,SERC
1546,13141,SERC
1547,13143,SERC
1548,13145,SERC
1549,13151,SERC
1550,13155,SERC
1551,13159,SERC
1552,13161,SERC
1553,13163,SERC
1554,13165,SERC
1555,13167,SERC
1556,13169,SERC
1557,13171,SERC
1558,13173,SERC
1559,13177,SERC
1560,13181,SERC
1561,13183,SERC
1562,13187,SERC
1563,13189,SERC
1564,13191,SERC
1565,13195,SERC
1566,13197,SERC
1567,13199,SERC
1568,13201,SERC
1569,13209,SERC
1570,13211,SERC
1571,13217,SERC
1572,13219,SERC
1573,13221,SERC
1574,13223,SERC
1575,13225,SERC
1576,13227,SERC
1577,13229,SERC
1578,13231,SERC
1579,13235,SERC
1580,13237,SERC
1581,13239,SERC
1582,13241,SERC
1583,13243,SERC
1584,13247,SERC
1585,13249,SERC
1586,13251,SERC
1587,13253,SERC
1588,13255,SERC
1589,13257,SERC
1590,13259,SERC
1591,13261,SERC
1592,13265,SERC
1593,13267,SERC
1594,13269,SERC
1595,13271,SERC
1596,13273,SERC
1597,13275,SERC
1598,13277,SERC
1599,13279,SERC
1600,13281,SERC
1601,13283,SERC
1602,13285,SERC
1603,13287,SERC
1604,13289,SERC
1605,13291,SERC
1606,13295,SERC
1607,13299,SERC
1608,13301,SERC
1609,13307,SERC
1610,13309,SERC
1611,13311,SERC
1612,13313,SERC
1613,13315,SERC
1614,13317,SERC
1615,13319,SERC
1616,16001,WECC
1617,16003,WECC
1618,16005,WECC
1619,16007,WECC
1620,16009,WECC
1621,16011,WECC
1622,16013,WECC
1623,16015,WECC
1624,16017,WECC
1625,16019,WECC
1626,16021,WECC
1627,16023,WECC
1628,16025,WECC
1629,16029,WECC
1630,16033,WECC
1631,16035,WECC
1632,16037,WECC
1633,16041,WECC
1634,16043,WECC
1635,16045,WECC
1636,16047,WECC
1637,16049,WECC
1638,16051,WECC
1639,16053,WECC
1640,16057,WECC
1641,16061,WECC
1642,16063,WECC
1643,16067,WECC
1644,16071,WECC
1645,16073,WECC
1646,16077,WECC
1647,16079,WECC
1648,16081,WECC
1649,16085,WECC
1650,16087,WECC
1651,17001,SERC
1652,17003,SERC
1653,17005,SERC
1654,17007,SERC
1655,17009,SERC
1656,17013,SERC
1657,17015,SERC
1658,17017,SERC
1659,17029,SERC
1660,17033,SERC
1661,17035,SERC
1662,17037,SERC
1663,17045,SERC
1664,17047,SERC
1665,17055,SERC
1666,17059,SERC
1667,17061,SERC
1668,17067,SERC
1669,17069,SERC
1670,17071,SERC
1671,17075,SERC
1672,17081,SERC
1673,17083,SERC
1674,17085,SERC
1675,17087,SERC
1676,17095,SERC
1677,17101,SERC
1678,17105,SERC
1679,17107,SERC
1680,17117,SERC
1681,17123,SERC
1682,17129,SERC
1683,17131,SERC
1684,17137,SERC
1685,17151,SERC
1686,17153,SERC
1687,17159,SERC
1688,17165,SERC
1689,17169,SERC
1690,17175,SERC
1691,17181,SERC
1692,17185,SERC
1693,17187,SERC
1694,17189,SERC
1695,17203,SERC
1696,18003,RFC
1697,18005,RFC
1698,18007,RFC
1699,18009,RFC
1700,18011,RFC
1701,18013,RFC
1702,18015,RFC
1703,18017,RFC
1704,18019,RFC
1705,18021,RFC
1706,18023,RFC
1707,18025,RFC
1708,18027,RFC
1709,18031,RFC
1710,18033,RFC
1711,18035,RFC
1712,18037,RFC
1713,18039,RFC
1714,18041,RFC
1715,18045,RFC
1716,18047,RFC
1717,18049,RFC
1718,18053,RFC
1719,18059,RFC
1720,18061,RFC
1721,18067,RFC
1722,18069,RFC
1723,18071,RFC
1724,18075,RFC
1725,18079,RFC
1726,18085,RFC
1727,18087,RFC
1728,18099,RFC
1729,18101,RFC
1730,18103,RFC
1731,18105,RFC
1732,18107,RFC
1733,18111,RFC
1734,18113,RFC
1735,18115,RFC
1736,18117,RFC
1737,18119,RFC
1738,18121,RFC
1739,18123,RFC
1740,18131,RFC
1741,18133,RFC
1742,18135,RFC
1743,18137,RFC
1744,18139,RFC
1745,18143,RFC
1746,18145,RFC
1747,18149,RFC
1748,18151,RFC
1749,18155,RFC
1750,18159,RFC
1751,18161,RFC
1752,18163,RFC
1753,18169,RFC
1754,18171,RFC
1755,18175,RFC
1756,18181,RFC
1757,18183,RFC
1758,19007,MRO
1759,19019,MRO
1760,19023,MRO
1761,19025,MRO
1762,19035,MRO
1763,19039,MRO
1764,19049,MRO
1765,19065,MRO
1766,19069,MRO
1767,19071,MRO
1768,19081,MRO
1769,19083,MRO
1770,19085,MRO
1771,19091,MRO
1772,19093,MRO
1773,19099,MRO
1774,19101,MRO
1775,19105,MRO
1776,19107,MRO
1777,19117,MRO
1778,19123,MRO
1779,19129,MRO
1780,19133,MRO
1781,19141,MRO
1782,19149,MRO
1783,19159,MRO
1784,19161,MRO
1785,19165,MRO
1786,19167,MRO
1787,19177,MRO
1788,19183,MRO
1789,19185,MRO
1790,19191,MRO
1791,20003,MRO
1792,20005,MRO
1793,20007,MRO
1794,20011,MRO
1795,20013,MRO
1796,20017,MRO
1797,20019,MRO
1798,20029,MRO
1799,20033,MRO
1800,20041,MRO
1801,20043,MRO
1802,20047,MRO
1803,20049,MRO
1804,20053,MRO
1805,20061,MRO
1806,20063,MRO
1807,20069,MRO
1808,20071,MRO
1809,20073,MRO
1810,20075,MRO
1811,20079,MRO
1812,20081,MRO
1813,20087,MRO
1814,20089,MRO
1815,20093,MRO
1816,20097,MRO
1817,20099,MRO
1818,20101,MRO
1819,20103,MRO
1820,20109,MRO
1821,20115,MRO
1822,20117,MRO
1823,20127,MRO
1824,20129,MRO
1825,20135,MRO
1826,20137,MRO
1827,20153,MRO
1828,20161,MRO
1829,20169,MRO
1830,20171,MRO
1831,20177,MRO
1832,20179,MRO
1833,20183,MRO
1834,20195,MRO
1835,20197,MRO
1836,20203,MRO
1837,20205,MRO
1838,20207,MRO
1839,21001,SERC
1840,21003,SERC
1841,21005,SERC
1842,21007,SERC
1843,21009,SERC
1844,21011,SERC
1845,21013,SERC
1846,21019,SERC
1847,21021,SERC
1848,21023,SERC
1849,21025,SERC
1850,21027,SERC
1851,21029,SERC
1852,21031,SERC
1853,21033,SERC
1854,21035,SERC
1855,21037,SERC
1856,21039,SERC
1857,21043,SERC
1858,21045,SERC
1859,21047,SERC
1860,21051,SERC
1861,21053,SERC
1862,21055,SERC
1863,21057,SERC
1864,21061,SERC
1865,21063,SERC
1866,21065,SERC
1867,21069,SERC
1868,21071,SERC
1869,21073,SERC
1870,21075,SERC
1871,21077,SERC
1872,21079,SERC
1873,21081,SERC
1874,21083,SERC
1875,21085,SERC
1876,21087,SERC
1877,21089,SERC
1878,21093,SERC
1879,21095,SERC
1880,21097,SERC
1881,21099,SERC
1882,21103,SERC
1883,21105,SERC
1884,21107,SERC
1885,21109,SERC
1886,21113,SERC
1887,21115,SERC
1888,21117,SERC
1889,21119,SERC
1890,21121,SERC
1891,21123,SERC
1892,21125,SERC
1893,21129,SERC
1894,21131,SERC
1895,21133,SERC
1896,21135,SERC
1897,21137,SERC
1898,21139,SERC
1899,21141,SERC
1900,21143,SERC
1901,21147,SERC
1902,21149,SERC
1903,21151,SERC
1904,21153,SERC
1905,21155,SERC
1906,21159,SERC
1907,21163,SERC
1908,21165,SERC
1909,21169,SERC
1910,21171,SERC
1911,21173,SERC
1912,21175,SERC
1913,21179,SERC
1914,21181,SERC
1915,21187,SERC
1916,21189,SERC
1917,21191,SERC
1918,21193,SERC
1919,21195,SERC
1920,21197,SERC
1921,21201,SERC
1922,21203,SERC
1923,21205,SERC
1924,21207,SERC
1925,21209,SERC
1926,21211,SERC
1927,21213,SERC
1928,21215,SERC
1929,21217,SERC
1930,21219,SERC
1931,21221,SERC
1932,21225,SERC
1933,21227,SERC
1934,21229,SERC
1935,21231,SERC
1936,21235,SERC
1937,21237,SERC
1938,21239,SERC
1939,22003,SERC
1940,22007,SERC
1941,22009,SERC
1942,22013,SERC
1943,22015,SERC
1944,22021,SERC
1945,22023,SERC
1946,22025,SERC
1947,22027,SERC
1948,22029,SERC
1949,22035,SERC
1950,22037,SERC
1951,22041,SERC
1952,22043,SERC
1953,22053,SERC
1954,22057,SERC
1955,22059,SERC
1956,22063,SERC
1957,22065,SERC
1958,22067,SERC
1959,22071,SERC
1960,22081,SERC
1961,22083,SERC
1962,22085,SERC
1963,22091,SERC
1964,22095,SERC
1965,22097,SERC
1966,22099,SERC
1967,22103,SERC
1968,22105,SERC
1969,22107,SERC
1970,22111,SERC
1971,22113,SERC
1972,22115,SERC
1973,22119,SERC
1974,22123,SERC
1975,22127,SERC
1976,23003,NPCC
1977,23011,NPCC
1978,23013,NPCC
1979,23015,NPCC
1980,23021,NPCC
1981,23023,NPCC
1982,23031,NPCC
1983,24011,RFC
1984,24013,RFC
1985,24021,RFC
1986,24023,RFC
1987,24027,RFC
1988,24029,RFC
1989,24035,RFC
1990,24037,RFC
1991,24043,RFC
1992,26009,RFC
1993,26011,RFC
1994,26015,RFC
1995,26019,RFC
1996,26021,RFC
1997,26027,RFC
1998,26035,RFC
1999,26037,RFC
2000,26047,RFC
2001,26051,RFC
2002,26053,RFC
2003,26055,RFC
2004,26067,RFC
2005,26069,RFC
2006,26071,RFC
2007,26083,RFC
2008,26085,RFC
2009,26087,RFC
2010,26089,RFC
2011,26097,RFC
2012,26107,RFC
2013,26109,RFC
2014,26123,RFC
2015,26127,RFC
2016,26129,RFC
2017,26131,RFC
2018,26135,RFC
2019,26141,RFC
2020,26143,RFC
2021,26145,RFC
2022,26155,RFC
2023,26165,RFC
2024,27001,MRO
2025,27003,MRO
2026,27011,MRO
2027,27021,MRO
2028,27023,MRO
2029,27029,MRO
2030,27035,MRO
2031,27039,MRO
2032,27047,MRO
2033,27051,MRO
2034,27055,MRO
2035,27057,MRO
2036,27069,MRO
2037,27073,MRO
2038,27077,MRO
2039,27081,MRO
2040,27087,MRO
2041,27089,MRO
2042,27097,MRO
2043,27101,MRO
2044,27103,MRO
2045,27117,MRO
2046,27121,MRO
2047,27125,MRO
2048,27135,MRO
2049,27143,MRO
2050,27153,MRO
2051,27155,MRO
2052,27157,MRO
2053,27159,MRO
2054,27167,MRO
2055,28001,SERC
2056,28003,SERC
2057,28005,SERC
2058,28011,SERC
2059,28013,SERC
2060,28015,SERC
2061,28017,SERC
2062,28021,SERC
2063,28023,SERC
2064,28025,SERC
2065,28029,SERC
2066,28031,SERC
2067,28035,SERC
2068,28037,SERC
2069,28039,SERC
2070,28041,SERC
2071,28043,SERC
2072,28045,SERC
2073,28051,SERC
2074,28053,SERC
2075,28055,SERC
2076,28057,SERC
2077,28061,SERC
2078,28063,SERC
2079,28071,SERC
2080,28073,SERC
2081,28079,SERC
2082,28081,SERC
2083,28083,SERC
2084,28085,SERC
2085,28089,SERC
2086,28091,SERC
2087,28093,SERC
2088,28095,SERC
2089,28097,SERC
2090,28099,SERC
2091,28101,SERC
2092,28103,SERC
2093,28105,SERC
2094,28109,SERC
2095,28113,SERC
2096,28115,SERC
2097,28117,SERC
2098,28119,SERC
2099,28121,SERC
2100,28123,SERC
2101,28125,SERC
2102,28127,SERC
2103,28131,SERC
2104,28133,SERC
2105,28135,SERC
2106,28137,SERC
2107,28139,SERC
2108,28141,SERC
2109,28143,SERC
2110,28145,SERC
2111,28147,SERC
2112,28153,SERC
2113,28155,SERC
2114,28157,SERC
2115,28159,SERC
2116,28161,SERC
2117,29001,SERC
2118,29003,SERC
2119,29005,SERC
2120,29009,SERC
2121,29011,SERC
2122,29015,SERC
2123,29017,SERC
2124,29025,SERC
2125,29029,SERC
2126,29033,SERC
2127,29035,SERC
2128,29039,SERC
2129,29043,SERC
2130,29047,SERC
2131,29049,SERC
2132,29053,SERC
2133,29055,SERC
2134,29057,SERC
2135,29059,SERC
2136,29061,SERC
2137,29063,SERC
2138,29065,SERC
2139,29067,SERC
2140,29073,SERC
2141,29075,SERC
2142,29081,SERC
2143,29083,SERC
2144,29085,SERC
2145,29087,SERC
2146,29089,SERC
2147,29093,SERC
2148,29103,SERC
2149,29105,SERC
2150,29109,SERC
2151,29111,SERC
2152,29113,SERC
2153,29119,SERC
2154,29125,SERC
2155,29129,SERC
2156,29131,SERC
2157,29133,SERC
2158,29135,SERC
2159,29137,SERC
2160,29139,SERC
2161,29141,SERC
2162,29145,SERC
2163,29149,SERC
2164,29151,SERC
2165,29153,SERC
2166,29155,SERC
2167,29157,SERC
2168,29159,SERC
2169,29161,SERC
2170,29167,SERC
2171,29169,SERC
2172,29173,SERC
2173,29177,SERC
2174,29179,SERC
2175,29181,SERC
2176,29185,SERC
2177,29186,SERC
2178,29197,SERC
2179,29199,SERC
2180,29203,SERC
2181,29209,SERC
2182,29211,SERC
2183,29213,SERC
2184,29215,SERC
2185,29219,SERC
2186,29221,SERC
2187,29223,SERC
2188,29225,SERC
2189,29227,SERC
2190,29229,SERC
2191,30001,WECC
2192,30005,WECC
2193,30007,WECC
2194,30009,WECC
2195,30011,WECC
2196,30013,WECC
2197,30015,WECC
2198,30019,WECC
2199,30025,WECC
2200,30027,WECC
2201,30029,WECC
2202,30031,WECC
2203,30033,WECC
2204,30035,WECC
2205,30037,WECC
2206,30039,WECC
2207,30041,WECC
2208,30043,WECC
2209,30045,WECC
2210,30047,WECC
2211,30049,WECC
2212,30051,WECC
2213,30053,WECC
2214,30055,WECC
2215,30057,WECC
2216,30059,WECC
2217,30061,WECC
2218,30063,WECC
2219,30065,WECC
2220,30067,WECC
2221,30069,WECC
2222,30071,WECC
2223,30073,WECC
2224,30075,WECC
2225,30077,WECC
2226,30079,WECC
2227,30081,WECC
2228,30089,WECC
2229,30091,WECC
2230,30095,WECC
2231,30097,WECC
2232,30099,WECC
2233,30101,WECC
2234,30103,WECC
2235,30105,WECC
2236,30107,WECC
2237,30109,WECC
2238,30113,WECC
2239,31003,MRO
2240,31005,MRO
2241,31007,MRO
2242,31009,MRO
2243,31011,MRO
2244,31013,MRO
2245,31015,MRO
2246,31017,MRO
2247,31019,MRO
2248,31021,MRO
2249,31029,MRO
2250,31031,MRO
2251,31035,MRO
2252,31037,MRO
2253,31043,MRO
2254,31045,MRO
2255,31047,MRO
2256,31057,MRO
2257,31059,MRO
2258,31069,MRO
2259,31075,MRO
2260,31081,MRO
2261,31083,MRO
2262,31085,MRO
2263,31087,MRO
2264,31091,MRO
2265,31093,MRO
2266,31095,MRO
2267,31099,MRO
2268,31101,MRO
2269,31103,MRO
2270,31107,MRO
2271,31113,MRO
2272,31115,MRO
2273,31117,MRO
2274,31121,MRO
2275,31123,MRO
2276,31125,MRO
2277,31129,MRO
2278,31133,MRO
2279,31135,MRO
2280,31137,MRO
2281,31143,MRO
2282,31149,MRO
2283,31159,MRO
2284,31161,MRO
2285,31163,MRO
2286,31165,MRO
2287,31167,MRO
2288,31171,MRO
2289,31177,MRO
2290,31183,MRO
2291,32005,WECC
2292,32009,WECC
2293,32017,WECC
2294,32023,WECC
2295,32033,WECC
2296,32510,WECC
2297,33001,NPCC
2298,33005,NPCC
2299,33019,NPCC
2300,34009,RFC
2301,34025,RFC
2302,34027,RFC
2303,34037,RFC
2304,35003,WECC
2305,35005,WECC
2306,35006,WECC
2307,35007,WECC
2308,35009,WECC
2309,35011,WECC
2310,35015,WECC
2311,35019,WECC
2312,35021,WECC
2313,35027,WECC
2314,35028,WECC
2315,35033,WECC
2316,35035,WECC
2317,35039,WECC
2318,35041,WECC
2319,35043,WECC
2320,35047,WECC
2321,35049,WECC
2322,35051,WECC
2323,35053,WECC
2324,35055,WECC
2325,35057,WECC
2326,35059,WECC
2327,36007,NPCC
2328,36015,NPCC
2329,36017,NPCC
2330,36021,NPCC
2331,36023,NPCC
2332,36025,NPCC
2333,36033,NPCC
2334,36035,NPCC
2335,36041,NPCC
2336,36043,NPCC
2337,36051,NPCC
2338,36053,NPCC
2339,36057,NPCC
2340,36069,NPCC
2341,36073,NPCC
2342,36079,NPCC
2343,36093,NPCC
2344,36095,NPCC
2345,36097,NPCC
2346,36099,NPCC
2347,36101,NPCC
2348,36105,NPCC
2349,36107,NPCC
2350,36111,NPCC
2351,37001,SERC
2352,37003,SERC
2353,37005,SERC
2354,37009,SERC
2355,37011,SERC
2356,37013,SERC
2357,37015,SERC
2358,37025,SERC
2359,37029,SERC
2360,37031,SERC
2361,37033,SERC
2362,37037,SERC
2363,37039,SERC
2364,37043,SERC
2365,37053,SERC
2366,37059,SERC
2367,37063,SERC
2368,37069,SERC
2369,37073,SERC
2370,37075,SERC
2371,37077,SERC
2372,37079,SERC
2373,37085,SERC
2374,37089,SERC
2375,37091,SERC
2376,37093,SERC
2377,37099,SERC
2378,37101,SERC
2379,37103,SERC
2380,37105,SERC
2381,37111,SERC
2382,37113,SERC
2383,37115,SERC
2384,37121,SERC
2385,37123,SERC
2386,37125,SERC
2387,37127,SERC
2388,37131,SERC
2389,37133,SERC
2390,37137,SERC
2391,37139,SERC
2392,37141,SERC
2393,37143,SERC
2394,37149,SERC
2395,37151,SERC
2396,37163,SERC
2397,37165,SERC
2398,37171,SERC
2399,37173,SERC
2400,37175,SERC
2401,37177,SERC
2402,37181,SERC
2403,37185,SERC
2404,37187,SERC
2405,37189,SERC
2406,37193,SERC
2407,37197,SERC
2408,37199,SERC
2409,38001,MRO
2410,38003,MRO
2411,38005,MRO
2412,38007,MRO
2413,38009,MRO
2414,38011,MRO
2415,38013,MRO
2416,38015,MRO
2417,38019,MRO
2418,38021,MRO
2419,38023,MRO
2420,38025,MRO
2421,38027,MRO
2422,38029,MRO
2423,38031,MRO
2424,38033,MRO
2425,38035,MRO
2426,38037,MRO
2427,38039,MRO
2428,38041,MRO
2429,38043,MRO
2430,38045,MRO
2431,38047,MRO
2432,38049,MRO
2433,38051,MRO
2434,38061,MRO
2435,38063,MRO
2436,38069,MRO
2437,38071,MRO
2438,38073,MRO
2439,38075,MRO
2440,38077,MRO
2441,38079,MRO
2442,38081,MRO
2443,38083,MRO
2444,38085,MRO
2445,38087,MRO
2446,38089,MRO
2447,38091,MRO
2448,38095,MRO
2449,38099,MRO
2450,38101,MRO
2451,38103,MRO
2452,39001,RFC
2453,39003,RFC
2454,39005,RFC
2455,39009,RFC
2456,39013,RFC
2457,39015,RFC
2458,39021,RFC
2459,39023,RFC
2460,39027,RFC
2461,39029,RFC
2462,39041,RFC
2463,39043,RFC
2464,39045,RFC
2465,39047,RFC
2466,39055,RFC
2467,39057,RFC
2468,39059,RFC
2469,39063,RFC
2470,39065,RFC
2471,39067,RFC
2472,39071,RFC
2473,39073,RFC
2474,39075,RFC
2475,39077,RFC
2476,39079,RFC
2477,39083,RFC
2478,39089,RFC
2479,39091,RFC
2480,39097,RFC
2481,39099,RFC
2482,39105,RFC
2483,39107,RFC
2484,39115,RFC
2485,39117,RFC
2486,39121,RFC
2487,39125,RFC
2488,39127,RFC
2489,39131,RFC
2490,39135,RFC
2491,39137,RFC
2492,39147,RFC
2493,39151,RFC
2494,39159,RFC
2495,39165,RFC
2496,39175,RFC
2497,40001,MRO
2498,40003,MRO
2499,40005,MRO
2500,40007,MRO
2501,40009,MRO
2502,40011,MRO
2503,40013,MRO
2504,40019,MRO
2505,40021,MRO
2506,40025,MRO
2507,40029,MRO
2508,40033,MRO
2509,40035,MRO
2510,40037,MRO
2511,40039,MRO
2512,40041,MRO
2513,40043,MRO
2514,40045,MRO
2515,40047,MRO
2516,40049,MRO
2517,40051,MRO
2518,40053,MRO
2519,40057,MRO
2520,40061,MRO
2521,40063,MRO
2522,40065,MRO
2523,40067,MRO
2524,40069,MRO
2525,40075,MRO
2526,40077,MRO
2527,40081,MRO
2528,40085,MRO
2529,40091,MRO
2530,40093,MRO
2531,40095,MRO
2532,40099,MRO
2533,40105,MRO
2534,40111,MRO
2535,40115,MRO
2536,40117,MRO
2537,40123,MRO
2538,40125,MRO
2539,40127,MRO
2540,40129,MRO
2541,40135,MRO
2542,40137,MRO
2543,40139,MRO
2544,40141,MRO
2545,40147,MRO
2546,40149,MRO
2547,41001,WECC
2548,41005,WECC
2549,41011,WECC
2550,41013,WECC
2551,41015,WECC
2552,41017,WECC
2553,41021,WECC
2554,41023,WECC
2555,41025,WECC
2556,41027,WECC
2557,41029,WECC
2558,41031,WECC
2559,41033,WECC
2560,41037,WECC
2561,41043,WECC
2562,41051,WECC
2563,41053,WECC
2564,41055,WECC
2565,41057,WECC
2566,41061,WECC
2567,41063,WECC
2568,41065,WECC
2569,41067,WECC
2570,41069,WECC
2571,41071,WECC
2572,42009,RFC
2573,42019,RFC
2574,42023,RFC
2575,42031,RFC
2576,42035,RFC
2577,42037,RFC
2578,42039,RFC
2579,42053,RFC
2580,42057,RFC
2581,42059,RFC
2582,42061,RFC
2583,42065,RFC
2584,42067,RFC
2585,42083,RFC
2586,42087,RFC
2587,42099,RFC
2588,42103,RFC
2589,42105,RFC
2590,42111,RFC
2591,42113,RFC
2592,42125,RFC
2593,42127,RFC
2594,44001,NPCC
2595,44003,NPCC
2596,45005,SERC
2597,45009,SERC
2598,45011,SERC
2599,45023,SERC
2600,45025,SERC
2601,45027,SERC
2602,45029,SERC
2603,45033,SERC
2604,45035,SERC
2605,45037,SERC
2606,45047,SERC
2607,45049,SERC
2608,45057,SERC
2609,45059,SERC
2610,45061,SERC
2611,45065,SERC
2612,45067,SERC
2613,45071,SERC
2614,45081,SERC
2615,45085,SERC
2616,45089,SERC
2617,46003,MRO
2618,46007,MRO
2619,46009,MRO
2620,46015,MRO
2621,46017,MRO
2622,46019,MRO
2623,46021,MRO
2624,46023,MRO
2625,46031,MRO
2626,46033,MRO
2627,46035,MRO
2628,46037,MRO
2629,46039,MRO
2630,46041,MRO
2631,46043,MRO
2632,46045,MRO
2633,46047,MRO
2634,46053,MRO
2635,46055,MRO
2636,46057,MRO
2637,46059,MRO
2638,46061,MRO
2639,46063,MRO
2640,46065,MRO
2641,46067,MRO
2642,46069,MRO
2643,46071,MRO
2644,46073,MRO
2645,46075,MRO
2646,46079,MRO
2647,46081,MRO
2648,46085,MRO
2649,46087,MRO
2650,46089,MRO
2651,46091,MRO
2652,46093,MRO
2653,46095,MRO
2654,46097,MRO
2655,46101,MRO
2656,46105,MRO
2657,46107,MRO
2658,46109,MRO
2659,46111,MRO
2660,46113,MRO
2661,46115,MRO
2662,46119,MRO
2663,46121,MRO
2664,46123,MRO
2665,46125,MRO
2666,46127,MRO
2667,46129,MRO
2668,46137,MRO
2669,47003,SERC
2670,47005,SERC
2671,47007,SERC
2672,47009,SERC
2673,47011,SERC
2674,47013,SERC
2675,47015,SERC
2676,47017,SERC
2677,47019,SERC
2678,47021,SERC
2679,47023,SERC
2680,47025,SERC
2681,47027,SERC
2682,47029,SERC
2683,47031,SERC
2684,47033,SERC
2685,47035,SERC
2686,47039,SERC
2687,47041,SERC
2688,47043,SERC
2689,47045,SERC
2690,47047,SERC
2691,47049,SERC
2692,47051,SERC
2693,47053,SERC
2694,47055,SERC
2695,47057,SERC
2696,47059,SERC
2697,47061,SERC
2698,47063,SERC
2699,47065,SERC
2700,47069,SERC
2701,47077,SERC
2702,47079,SERC
2703,47081,SERC
2704,47083,SERC
2705,47087,SERC
2706,47089,SERC
2707,47091,SERC
2708,47095,SERC
2709,47097,SERC
2710,47099,SERC
2711,47101,SERC
2712,47103,SERC
2713,47109,SERC
2714,47111,SERC
2715,47113,SERC
2716,47115,SERC
2717,47117,SERC
2718,47119,SERC
2719,47121,SERC
2720,47123,SERC
2721,47125,SERC
2722,47127,SERC
2723,47129,SERC
2724,47131,SERC
2725,47133,SERC
2726,47135,SERC
2727,47137,SERC
2728,47139,SERC
2729,47141,SERC
2730,47143,SERC
2731,47147,SERC
2732,47151,SERC
2733,47153,SERC
2734,47155,SERC
2735,47159,SERC
2736,47167,SERC
2737,47169,SERC
2738,47171,SERC
2739,47173,SERC
2740,47175,SERC
2741,47181,SERC
2742,47185,SERC
2743,47187,SERC
2744,47189,SERC
2745,48001,TRE
2746,48003,TRE
2747,48005,TRE
2748,48007,TRE
2749,48009,TRE
2750,48011,TRE
2751,48015,TRE
2752,48017,TRE
2753,48019,TRE
2754,48023,TRE
2755,48025,TRE
2756,48031,TRE
2757,48033,TRE
2758,48037,TRE
2759,48043,TRE
2760,48045,TRE
2761,48047,TRE
2762,48049,TRE
2763,48051,TRE
2764,48053,TRE
2765,48055,TRE
2766,48059,TRE
2767,48063,TRE
2768,48065,TRE
2769,48069,TRE
2770,48075,TRE
2771,48077,TRE
2772,48079,TRE
2773,48083,TRE
2774,48087,TRE
2775,48091,TRE
2776,48093,TRE
2777,48095,TRE
2778,48097,TRE
2779,48099,TRE
2780,48101,TRE
2781,48103,TRE
2782,48105,TRE
2783,48107,TRE
2784,48109,TRE
2785,48111,TRE
2786,48115,TRE
2787,48117,TRE
2788,48119,TRE
2789,48123,TRE
2790,48125,TRE
2791,48127,TRE
2792,48129,TRE
2793,48131,TRE
2794,48133,TRE
2795,48137,TRE
2796,48143,TRE
2797,48145,TRE
2798,48147,TRE
2799,48151,TRE
2800,48153,TRE
2801,48155,TRE
2802,48159,TRE
2803,48165,TRE
2804,48169,TRE
2805,48171,TRE
2806,48173,TRE
2807,48177,TRE
2808,48179,TRE
2809,48191,TRE
2810,48193,TRE
2811,48195,TRE
2812,48197,TRE
2813,48205,TRE
2814,48207,TRE
2815,48217,TRE
2816,48219,TRE
2817,48223,TRE
2818,48225,TRE
2819,48229,TRE
2820,48235,TRE
2821,48237,TRE
2822,48239,TRE
2823,48243,TRE
2824,48247,TRE
2825,48249,TRE
2826,48253,TRE
2827,48255,TRE
2828,48259,TRE
2829,48261,TRE
2830,48263,TRE
2831,48265,TRE
2832,48267,TRE
2833,48269,TRE
2834,48271,TRE
2835,48273,TRE
2836,48275,TRE
2837,48281,TRE
2838,48283,TRE
2839,48285,TRE
2840,48287,TRE
2841,48289,TRE
2842,48291,TRE
2843,48295,TRE
2844,48297,TRE
2845,48301,TRE
2846,48305,TRE
2847,48307,TRE
2848,48311,TRE
2849,48313,TRE
2850,48317,TRE
2851,48319,TRE
2852,48321,TRE
2853,48323,TRE
2854,48325,TRE
2855,48327,TRE
2856,48329,TRE
2857,48331,TRE
2858,48333,TRE
2859,48337,TRE
2860,48341,TRE
2861,48345,TRE
2862,48347,TRE
2863,48349,TRE
2864,48353,TRE
2865,48357,TRE
2866,48359,TRE
2867,48365,TRE
2868,48367,TRE
2869,48369,TRE
2870,48373,TRE
2871,48377,TRE
2872,48379,TRE
2873,48381,TRE
2874,48383,TRE
2875,48385,TRE
2876,48387,TRE
2877,48389,TRE
2878,48391,TRE
2879,48393,TRE
2880,48397,TRE
2881,48399,TRE
2882,48403,TRE
2883,48405,TRE
2884,48411,TRE
2885,48413,TRE
2886,48417,TRE
2887,48419,TRE
2888,48421,TRE
2889,48423,TRE
2890,48425,TRE
2891,48427,TRE
2892,48429,TRE
2893,48431,TRE
2894,48433,TRE
2895,48435,TRE
2896,48437,TRE
2897,48441,TRE
2898,48443,TRE
2899,48445,TRE
2900,48447,TRE
2901,48451,TRE
2902,48455,TRE
2903,48457,TRE
2904,48459,TRE
2905,48461,TRE
2906,48463,TRE
2907,48465,TRE
2908,48467,TRE
2909,48471,TRE
2910,48473,TRE
2911,48477,TRE
2912,48483,TRE
2913,48489,TRE
2914,48491,TRE
2915,48493,TRE
2916,48495,TRE
2917,48499,TRE
2918,48505,TRE
2919,48507,TRE
2920,49003,WECC
2921,49009,WECC
2922,49013,WECC
2923,49017,WECC
2924,49019,WECC
2925,49021,WECC
2926,49025,WECC
2927,49029,WECC
2928,49031,WECC
2929,49033,WECC
2930,49037,WECC
2931,49039,WECC
2932,49041,WECC
2933,49043,WECC
2934,49055,WECC
2935,49057,WECC
2936,50003,NPCC
2937,50005,NPCC
2938,50009,NPCC
2939,50013,NPCC
2940,50015,NPCC
2941,50017,NPCC
2942,50019,NPCC
2943,50025,NPCC
2944,51003,SERC
2945,51009,SERC
2946,51011,SERC
2947,51013,SERC
2948,51015,SERC
2949,51017,SERC
2950,51021,SERC
2951,51023,SERC
2952,51035,SERC
2953,51037,SERC
2954,51043,SERC
2955,51045,SERC
2956,51049,SERC
2957,51051,SERC
2958,51057,SERC
2959,51063,SERC
2960,51067,SERC
2961,51073,SERC
2962,51077,SERC
2963,51079,SERC
2964,51095,SERC
2965,51103,SERC
2966,51105,SERC
2967,51111,SERC
2968,51113,SERC
2969,51115,SERC
2970,51117,SERC
2971,51119,SERC
2972,51125,SERC
2973,51127,SERC
2974,51133,SERC
2975,51135,SERC
2976,51137,SERC
2977,51139,SERC
2978,51141,SERC
2979,51143,SERC
2980,51145,SERC
2981,51147,SERC
2982,51157,SERC
2983,51161,SERC
2984,51163,SERC
2985,51169,SERC
2986,51171,SERC
2987,51173,SERC
2988,51177,SERC
2989,51179,SERC
2990,51183,SERC
2991,51185,SERC
2992,51193,SERC
2993,51197,SERC
2994,51515,SERC
2995,51530,SERC
2996,51540,SERC
2997,51560,SERC
2998,51570,SERC
2999,51595,SERC
3000,51600,SERC
3001,51610,SERC
3002,51620,SERC
3003,51630,SERC
3004,51640,SERC
3005,51650,SERC
3006,51660,SERC
3007,51678,SERC
3008,51680,SERC
3009,51683,SERC
3010,51685,SERC
3011,51690,SERC
3012,51700,SERC
3013,51710,SERC
3014,51720,SERC
3015,51730,SERC
3016,51735,SERC
3017,51750,SERC
3018,51770,SERC
3019,51780,SERC
3020,51790,SERC
3021,51800,SERC
3022,51820,SERC
3023,51830,SERC
3024,51840,SERC
3025,53001,WECC
3026,53003,WECC
3027,53005,WECC
3028,53007,WECC
3029,53009,WECC
3030,53013,WECC
3031,53017,WECC
3032,53019,WECC
3033,53021,WECC
3034,53023,WECC
3035,53025,WECC
3036,53029,WECC
3037,53035,WECC
3038,53037,WECC
3039,53043,WECC
3040,53045,WECC
3041,53047,WECC
3042,53049,WECC
3043,53051,WECC
3044,53055,WECC
3045,53059,WECC
3046,53061,WECC
3047,53067,WECC
3048,53069,WECC
3049,53071,WECC
3050,53077,WECC
3051,54001,RFC
3052,54003,RFC
3053,54005,RFC
3054,54007,RFC
3055,54009,RFC
3056,54011,RFC
3057,54013,RFC
3058,54015,RFC
3059,54017,RFC
3060,54019,RFC
3061,54021,RFC
3062,54025,RFC
3063,54027,RFC
3064,54029,RFC
3065,54031,RFC
3066,54035,RFC
3067,54037,RFC
3068,54039,RFC
3069,54041,RFC
3070,54043,RFC
3071,54045,RFC
3072,54047,RFC
3073,54055,RFC
3074,54057,RFC
3075,54059,RFC
3076,54063,RFC
3077,54065,RFC
3078,54067,RFC
3079,54069,RFC
3080,54071,RFC
3081,54075,RFC
3082,54077,RFC
3083,54081,RFC
3084,54083,RFC
3085,54085,RFC
3086,54087,RFC
3087,54089,RFC
3088,54091,RFC
3089,54093,RFC
3090,54095,RFC
3091,54097,RFC
3092,54101,RFC
3093,54103,RFC
3094,54105,RFC
3095,54107,RFC
3096,54109,RFC
3097,55001,MRO
3098,55007,MRO
3099,55015,MRO
3100,55019,MRO
3101,55023,MRO
3102,55031,MRO
3103,55033,MRO
3104,55035,MRO
3105,55037,MRO
3106,55041,MRO
3107,55045,MRO
3108,55047,MRO
3109,55049,MRO
3110,55051,MRO
3111,55053,MRO
3112,55061,MRO
3113,55067,MRO
3114,55077,MRO
3115,55078,MRO
3116,55083,MRO
3117,55091,MRO
3118,55093,MRO
3119,55099,MRO
3120,55107,MRO
3121,55109,MRO
3122,55111,MRO
3123,55115,MRO
3124,55119,MRO
3125,55125,MRO
3126,55127,MRO
3127,55129,MRO
3128,55133,MRO
3129,55135,MRO
3130,55137,MRO
3131,56001,WECC
3132,56003,WECC
3133,56011,WECC
3134,56017,WECC
3135,56019,WECC
3136,56025,WECC
3137,56027,WECC
3138,56029,WECC
3139,56035,WECC
3140,56041,WECC
3141,56043,WECC
3142,56045,WECC
3143,60010,
3144,60020,
3145,60020,
3146,60020,
3147,60050,
3148,66010,
3149,66010,
3150,69100,
3151,69110,
3152,69120,
3153,69120,
3154,72001,
3155,72003,
3156,72005,
3157,72007,
3158,72009,
3159,72011,
3160,72013,
3161,72015,
3162,72017,
3163,72019,
3164,72021,
3165,72023,
3166,72025,
3167,72027,
3168,72029,
3169,72031,
3170,72033,
3171,72035,
3172,72037,
3173,72041,
3174,72043,
3175,72045,
3176,72047,
3177,72049,
3178,72051,
3179,72053,
3180,72054,
3181,72055,
3182,72057,
3183,72059,
3184,72061,
3185,72063,
3186,72065,
3187,72067,
3188,72071,
3189,72073,
3190,72075,
3191,72077,
3192,72079,
3193,72081,
3194,72083,
3195,72085,
3196,72087,
3197,72089,
3198,72091,
3199,72093,
3200,72095,
3201,72097,
3202,72099,
3203,72101,
3204,72103,
3205,72105,
3206,72107,
3207,72109,
3208,72111,
3209,72113,
3210,72115,
3211,72117,
3212,72119,
3213,72121,
3214,72123,
3215,72125,
3216,72127,
3217,72129,
3218,72131,
3219,72133,
3220,72135,
3221,72137,
3222,72139,
3223,72141,
3224,72143,
3225,72145,
3226,72147,
3227,72149,
3228,72151,
3229,72153,
3230,78010,
3231,78020,
3232,78030,
