,FIPS,tonCO2e,tonCO2e_ref
134,01033,274.7339535821857,23.860770235832348
234,01053,249023.67194196812,21627.820449623076
245,01055,274.7339535821857,23.860770235832348
285,01063,937.8280887338276,81.45080087195544
337,01073,296462.8363058371,25747.933694845055
385,01081,9795.77902448096,850.7679139637365
462,01097,1014776.1522717766,88133.77558342292
553,01115,271.8177272287713,23.607494635684567
584,01121,1761.756995519347,153.00940540238787
611,01125,769946.8936890307,66870.24186331968
626,01127,271.8177272287713,23.607494635684567
663,02020,142802.2777887809,12402.443509598104
684,02090,158317.14934305582,13749.917240340535
700,02110,2431.853970448517,211.20763589423052
709,02122,592408.5235379937,51450.95275477196
716,02130,347.4077100640738,30.172519413461494
726,02170,403.6429131333087,35.056572666089366
733,02185,124283.09343141262,10794.04383003685
739,02261,104425.48514372556,9069.401416503057
765,04005,400.87033182702106,34.81577270435583
793,04013,6593.054157011313,572.609786091787
809,04015,1188.4067833913737,103.21367575967804
839,04019,3400.2957144848347,295.31724681032983
858,04021,1603.4813273080845,139.26309081742335
888,04025,801.7406636540421,69.63154540871166
905,04027,801.7406636540421,69.63154540871166
943,05007,829.783596754619,72.06708704718451
957,05009,264.25298481223894,22.95049327731356
980,05019,600.6395685470977,52.16582279978179
1013,05029,600.6395685470977,52.16582279978179
1036,05033,264.25298481223894,22.95049327731356
1069,05043,264.25298481223894,22.95049327731356
1077,05045,264.25298481223894,22.95049327731356
1119,05055,264.25298481223894,22.95049327731356
1136,05059,264.25298481223894,22.95049327731356
1159,05063,264.25298481223894,22.95049327731356
1169,05067,264.25298481223894,22.95049327731356
1179,05069,264.25298481223894,22.95049327731356
1204,05075,264.25298481223894,22.95049327731356
1225,05085,264.25298481223894,22.95049327731356
1255,05093,264.25298481223894,22.95049327731356
1279,05103,600.6395685470977,52.16582279978179
1331,05119,2976.24597988138,258.48833231319287
1409,05139,2250495.874913999,195456.60187919834
1417,05141,264.25298481223894,22.95049327731356
1427,05143,276.59453225153965,24.022362349061503
1443,05145,264.25298481223894,22.95049327731356
1468,06001,25137.653358147847,2183.2167565241843
1494,06007,3291.6359798508306,285.8800988780016
1530,06013,8484893.122576889,736916.8704254722
1553,06017,349.86719461523643,30.386126777999767
1571,06019,1958.279084030879,170.07743918233646
1630,06029,478330.0983262497,41543.18905337445
1656,06033,349.86719461523643,30.386126777999767
1673,06037,11092028.73902773,963347.797897927
1690,06039,699.7343892304729,60.772253555999534
1730,06045,349.86719461523643,30.386126777999767
1745,06047,1049.6015838457092,91.15838033399929
1754,06049,362.1983143233582,31.457090196498456
1767,06053,699.7343892304729,60.772253555999534
1782,06055,349.86719461523643,30.386126777999767
1798,06057,699.7343892304729,60.772253555999534
1818,06059,126736.45685725912,11007.119572025927
1839,06061,349.86719461523643,30.386126777999767
1852,06063,349.86719461523643,30.386126777999767
1864,06065,158059.31486027487,13727.524196916907
1884,06067,1399.468778460946,121.5445071119991
1916,06071,19415.848392121585,1686.2753634110989
1937,06073,6158.592564066878,534.8765969086752
1975,06077,1258.544694800406,109.30518562633692
1993,06079,235918.76244621896,20489.653032154936
2012,06081,1258.544694800406,109.30518562633692
2031,06083,27336.797993909862,2374.213479663407
2051,06085,12922.462287105727,1122.3217934786483
2071,06087,699.7343892304729,60.772253555999534
2086,06089,349.86719461523643,30.386126777999767
2111,06095,1349033.2490739047,117164.1581863001
2129,06097,349.86719461523643,30.386126777999767
2149,06099,1258.544694800406,109.30518562633692
2173,06103,349.86719461523643,30.386126777999767
2181,06105,349.86719461523643,30.386126777999767
2191,06107,349.86719461523643,30.386126777999767
2220,06111,349.86719461523643,30.386126777999767
2241,06113,349.86719461523643,30.386126777999767
2253,06115,349.86719461523643,30.386126777999767
2265,08001,1057692.7891999886,91861.10524066666
2292,08005,3047.6172184720544,264.68695721286116
2369,08031,433.066836460489,37.61205394094596
2424,08041,433.066836460489,37.61205394094596
2451,08045,433.066836460489,37.61205394094596
2518,08069,151850.63558085845,13188.29754574213
2551,08077,3047.6172184720544,264.68695721286116
2724,09001,1703.6534437737864,147.96308520785146
2745,09003,1032.999240942397,89.71645921639733
2764,09005,1080.2665633004256,93.82164790437125
2781,09007,1022.1920662642716,88.77785112471085
2801,09009,11421.833989481913,991.9915355978043
2820,09011,681.4613775095145,59.18523408314057
2848,09015,681.4613775095145,59.18523408314057
2865,10001,261.8594537328874,22.742614002138186
2882,10003,3501734.08259181,304127.2157382304
2900,10005,261.8594537328874,22.742614002138186
2970,12009,269.4622940828917,23.402924183554834
2990,12011,1184.5804519196531,102.88135711139147
3021,12017,269.4622940828917,23.402924183554834
3030,12019,645.6558637538702,56.07550874428184
3044,12021,1747.0691753731203,151.73376146684677
3083,12031,35335.90457937869,3068.939565897625
3192,12057,238357.3060073525,20701.441662077123
3214,12061,32714.736472499517,2841.289910177055
3266,12071,808.386882248675,70.2087725506645
3361,12086,34731.26794195552,3016.426595827456
3409,12093,269.4622940828917,23.402924183554834
3422,12095,1347.3114704144582,117.01462091777417
3456,12099,275867.6480093549,23959.23211828852
3494,12103,269.4622940828917,23.402924183554834
3514,12105,3805.748558798832,330.5310128319619
3530,12107,269.4622940828917,23.402924183554834
3572,12113,271.8177272287713,23.607494635684567
3662,12129,269.4622940828917,23.402924183554834
3671,12131,271.8177272287713,23.607494635684567
3733,13015,271.8177272287713,23.607494635684567
3765,13021,1761.756995519347,153.00940540238787
3801,13031,271.8177272287713,23.607494635684567
3816,13039,271.8177272287713,23.607494635684567
3828,13045,543.6354544575426,47.214989271369134
3859,13051,4067.149445496236,353.2338000761448
3885,13057,271.8177272287713,23.607494635684567
3901,13059,815.4531816863139,70.82248390705371
3916,13063,1209.645815962599,105.05829550764003
3937,13067,815.4531816863139,70.82248390705371
4033,13087,271.8177272287713,23.607494635684567
4047,13089,1087.270908915085,94.42997854273827
4064,13093,271.8177272287713,23.607494635684567
4085,13097,1087.270908915085,94.42997854273827
4147,13113,2305.392449976889,200.22439467375696
4162,13115,1774.512710398369,154.11724510677698
4180,13117,2025.0989976489127,175.88077941469373
4207,13121,3243.2205387107165,281.67519554571237
4224,13123,543.6354544575426,47.214989271369134
4261,13133,271.8177272287713,23.607494635684567
4276,13135,815.4531816863139,70.82248390705371
4294,13137,274.7339535821857,23.860770235832348
4308,13139,1359.0886361438563,118.03747317842284
4320,13141,271.8177272287713,23.607494635684567
4356,13151,2305.392449976889,200.22439467375696
4370,13153,815.4531816863139,70.82248390705371
4385,13157,238899.21096986445,20748.506357327053
4417,13165,271.8177272287713,23.607494635684567
4480,13187,543.6354544575426,47.214989271369134
4529,13207,543.6354544575426,47.214989271369134
4540,13211,271.8177272287713,23.607494635684567
4565,13215,271.8177272287713,23.607494635684567
4580,13217,271.8177272287713,23.607494635684567
4606,13223,271.8177272287713,23.607494635684567
4617,13225,271.8177272287713,23.607494635684567
4647,13233,271.8177272287713,23.607494635684567
4670,13241,274.7339535821857,23.860770235832348
4684,13245,271.8177272287713,23.607494635684567
4723,13255,937.8280887338276,81.45080087195544
4737,13257,271.8177272287713,23.607494635684567
4793,13277,271.8177272287713,23.607494635684567
4806,13279,271.8177272287713,23.607494635684567
4818,13283,1502.694983169598,130.5097504710924
4825,13285,543.6354544575426,47.214989271369134
4844,13291,271.8177272287713,23.607494635684567
4872,13297,271.8177272287713,23.607494635684567
4905,13305,271.8177272287713,23.607494635684567
4926,13313,271.8177272287713,23.607494635684567
4970,15003,813772.8686317906,70676.54794538797
4993,15009,411.6435323814646,35.75143012777372
5261,16069,362.1983143233582,31.457090196498456
5266,16071,2957.456709753149,256.85647556020297
5370,17011,1641.4216721467365,142.5582272177828
5396,17019,1113.2206359000363,96.68372426727346
5430,17027,1641.4216721467365,142.5582272177828
5454,17031,1219347.90087729,105900.92604507275
5468,17033,7335823.690317407,637119.6617052915
5487,17037,21559.08442518251,1872.4163986898905
5522,17043,2658.032621847205,230.85135580182498
5578,17055,556.6103179500183,48.341862133636745
5585,17057,1902.0290379400024,165.1920968064518
5601,17063,531.606524369441,46.170271160365
5659,17081,556.6103179500183,48.341862133636745
5689,17087,556.6103179500183,48.341862133636745
5699,17089,1594.819573108323,138.510813481095
5718,17091,6772.18862076001,588.1676966634341
5733,17093,556.6103179500183,48.341862133636745
5762,17097,1594.819573108323,138.510813481095
5776,17099,556.6103179500183,48.341862133636745
5788,17101,1113.2206359000363,96.68372426727346
5830,17111,531.606524369441,46.170271160365
5847,17113,556.6103179500183,48.341862133636745
5862,17115,556.6103179500183,48.341862133636745
5886,17119,2780417.402806936,241480.53032054438
5957,17141,531.606524369441,46.170271160365
5970,17143,1113.2206359000363,96.68372426727346
6024,17161,531.3338356084246,46.146588016044205
6040,17163,54525.7738775133,4735.588541054124
6180,17197,3592581.305839737,312017.33886359684
6233,18001,531.606524369441,46.170271160365
6249,18003,1063.2130487388822,92.34054232073001
6265,18005,531.606524369441,46.170271160365
6290,18011,531.606524369441,46.170271160365
6326,18019,531.606524369441,46.170271160365
6381,18031,531.606524369441,46.170271160365
6395,18033,531.606524369441,46.170271160365
6411,18035,531.606524369441,46.170271160365
6472,18045,531.606524369441,46.170271160365
6481,18047,6772.18862076001,588.1676966634341
6488,18049,531.606524369441,46.170271160365
6531,18057,531.606524369441,46.170271160365
6558,18061,531.606524369441,46.170271160365
6568,18063,531.606524369441,46.170271160365
6609,18069,461543.8189778272,40085.29297091084
6673,18081,531.606524369441,46.170271160365
6699,18085,531.606524369441,46.170271160365
6731,18089,4719868.135142559,409922.7184978188
6748,18091,7483.325021610991,649.9302201731685
6789,18097,58018.58521092678,5038.940811922091
6824,18103,531.606524369441,46.170271160365
6847,18107,531.606524369441,46.170271160365
6859,18109,531.606524369441,46.170271160365
6869,18111,531.606524369441,46.170271160365
6933,18127,531.606524369441,46.170271160365
6948,18129,372013.0160298019,32309.501554094375
6976,18135,531.606524369441,46.170271160365
7008,18141,7835.401669498892,680.5082389841641
7062,18151,531.606524369441,46.170271160365
7084,18157,531.606524369441,46.170271160365
7111,18163,21027.477900813068,1826.2461275295252
7131,18167,2376.8273656931246,206.42854996106934
7179,18177,1063.2130487388822,92.34054232073001
7325,19027,461293.8542802287,40063.58342195012
7552,19083,461293.8542802287,40063.58342195012
7643,19103,531.3338356084246,46.146588016044205
7690,19113,531.3338356084246,46.146588016044205
7844,19153,531.3338356084246,46.146588016044205
7934,19171,531.3338356084246,46.146588016044205
8019,19193,21014.44146443114,1825.1139070334875
8103,20015,1238762.3284122965,107587.07800638986
8118,20021,1810.8179607683064,157.27037280044698
8215,20057,543.1110785286072,47.16944698074803
8258,20079,1086.2221570572144,94.33889396149605
8287,20091,543.1110785286072,47.16944698074803
8317,20103,543.1110785286072,47.16944698074803
8343,20113,882682.9579496157,76661.42089867381
8378,20125,1052518.7936167205,91411.7413444177
8411,20135,2038.45812571765,177.0410258321568
8426,20147,7386.579635315312,641.5278388741731
8452,20155,543.1110785286072,47.16944698074803
8482,20163,2038.45812571765,177.0410258321568
8500,20169,543.1110785286072,47.16944698074803
8519,20173,2353.9290392969137,204.439819781195
8608,20209,2897.0401178255206,251.609266761943
8629,21003,274.7339535821857,23.860770235832348
8654,21009,549.4679071643714,47.721540471664696
8681,21015,274.7339535821857,23.860770235832348
8704,21019,920756.9789442664,79968.16713466772
8714,21021,274.7339535821857,23.860770235832348
8753,21033,274.7339535821857,23.860770235832348
8768,21037,274.7339535821857,23.860770235832348
8788,21043,274.7339535821857,23.860770235832348
8805,21047,15351.43560022182,1333.2792429585643
8834,21055,274.7339535821857,23.860770235832348
8863,21067,549.4679071643714,47.721540471664696
8876,21069,274.7339535821857,23.860770235832348
8882,21071,274.7339535821857,23.860770235832348
8890,21073,274.7339535821857,23.860770235832348
8927,21085,274.7339535821857,23.860770235832348
8952,21093,824.2018607465569,71.58231070749704
8964,21095,274.7339535821857,23.860770235832348
8977,21099,274.7339535821857,23.860770235832348
8990,21101,274.7339535821857,23.860770235832348
9027,21111,246076.0896796837,21371.8215743674
9085,21125,274.7339535821857,23.860770235832348
9091,21127,274.7339535821857,23.860770235832348
9096,21133,552.986672969533,48.02714690034206
9117,21141,274.7339535821857,23.860770235832348
9150,21151,549.4679071643714,47.721540471664696
9175,21161,274.7339535821857,23.860770235832348
9199,21171,274.7339535821857,23.860770235832348
9208,21173,274.7339535821857,23.860770235832348
9241,21183,274.7339535821857,23.860770235832348
9271,21193,276.4933364847665,24.01357345017103
9277,21195,276.4933364847665,24.01357345017103
9293,21199,254221.292122008,22079.236152968082
9326,21209,274.7339535821857,23.860770235832348
9337,21211,274.7339535821857,23.860770235832348
9394,21227,274.7339535821857,23.860770235832348
9481,22011,264.25298481223894,22.95049327731356
9496,22015,321681.0453934569,27938.146753526464
9511,22017,2205611.512748913,191558.374380053
9529,22019,7216863.015171851,626787.8723514924
9540,22025,264.25298481223894,22.95049327731356
9561,22033,5389542.547022957,468084.24919451255
9574,22037,223283.93426693245,19392.31239324119
9650,22055,1553.5735110865264,134.92857402287464
9695,22065,264.25298481223894,22.95049327731356
9733,22073,528.5059696244779,45.90098655462712
9745,22075,1978824.6272540512,171861.82906144115
9761,22079,276.59453225153965,24.022362349061503
9782,22087,2358278.934033027,204817.61013981336
9789,22089,5370351.838517849,466417.52733384445
9802,22093,1695345.3172652782,147241.52059916378
9809,22095,3333468.417886091,289513.265362702
9820,22097,807669.9572324214,70146.5072832445
9867,22105,8820.743096265556,766.0855951186084
9902,22115,264.25298481223894,22.95049327731356
9910,22117,8820.743096265556,766.0855951186084
9915,22119,340442.7027937467,29567.60532839388
9923,22121,797444.4640719711,69258.41849891961
9950,23001,681.4613775095145,59.18523408314057
10024,23011,681.4613775095145,59.18523408314057
10040,23013,340.73068875475724,29.592617041570286
10083,23019,340.73068875475724,29.592617041570286
10094,23021,340.73068875475724,29.592617041570286
10115,23025,340.73068875475724,29.592617041570286
10141,23029,340.73068875475724,29.592617041570286
10153,23031,1384.5371043752791,120.24768434965404
10170,24001,552.986672969533,48.02714690034206
10202,24005,1920.3466985164237,166.78299405294447
10243,24013,261.8594537328874,22.742614002138186
10268,24017,523.7189074657748,45.48522800427637
10292,24021,8278.542577698221,718.99523068932
10308,24023,276.4933364847665,24.01357345017103
10321,24025,261.8594537328874,22.742614002138186
10349,24029,261.8594537328874,22.742614002138186
10363,24031,9246.684411645849,803.0787942762694
10381,24033,523.7189074657748,45.48522800427637
10427,24041,261.8594537328874,22.742614002138186
10440,24043,2148.830580306776,186.62692428037371
10466,24047,523.7189074657748,45.48522800427637
10482,24510,7648.712258972413,664.294177809877
10498,25001,151552.94048399132,13162.442589650744
10514,25003,340.73068875475724,29.592617041570286
10531,25005,147697.90619259543,12827.631088273156
10556,25009,1362.922755019029,118.37046816628114
10575,25011,681.4613775095145,59.18523408314057
10593,25013,1022.1920662642716,88.77785112471085
10611,25015,1420.9972520551828,123.41426494594153
10629,25017,3465.3813845837267,300.96996719536327
10658,25021,7084.104300402666,615.2577169098049
10677,25023,681.4613775095145,59.18523408314057
10696,25025,151611.01498102746,13167.486386430402
10716,25027,11363.75949244576,986.9477388181441
10743,26005,2322.4656389178404,201.70720898629926
10807,26017,1745.5729915196137,151.6038172109818
10923,26037,533.4548230798007,46.33079675350717
11024,26055,2279.0278145994143,197.93461396448896
11035,26057,533.4548230798007,46.33079675350717
11099,26067,1745.5729915196137,151.6038172109818
11139,26075,2279.0278145994143,197.93461396448896
11156,26077,21115.83954968553,1833.9203773771126
11179,26081,533.4548230798007,46.33079675350717
11235,26093,533.4548230798007,46.33079675350717
11260,26099,533.4548230798007,46.33079675350717
11277,26101,533.4548230798007,46.33079675350717
11299,26105,533.4548230798007,46.33079675350717
11353,26115,533.4548230798007,46.33079675350717
11382,26121,2322.4656389178404,201.70720898629926
11411,26125,3345.937460759016,290.59620747150336
11548,26151,533.4548230798007,46.33079675350717
11603,26161,533.4548230798007,46.33079675350717
11623,26163,2035293.327895341,176766.16168560204
11722,27015,531.3338356084246,46.146588016044205
11834,27037,2637337.223288602,229053.95091791032
11924,27053,18585.219014869774,1614.134819938706
12224,27123,531.3338356084246,46.146588016044205
12290,27137,531.3338356084246,46.146588016044205
12311,27139,9203.98695372113,799.370500416293
12409,27159,531.3338356084246,46.146588016044205
12431,27163,778402.8655004986,67604.64690457263
12471,27171,531.3338356084246,46.146588016044205
12493,28001,271.8177272287713,23.607494635684567
12586,28033,274.7339535821857,23.860770235832348
12620,28043,691.210959049656,60.031989724340335
12641,28047,271.8177272287713,23.607494635684567
12657,28049,1950.6276498458944,169.41290860400045
12685,28059,2275740.7960231174,197649.13488923345
12697,28061,31753.82220600919,2757.834064148179
12709,28067,1460115.1651605684,126811.67369190362
12721,28071,274.7339535821857,23.860770235832348
12728,28073,16856.306172491473,1463.9779443436853
12737,28075,7833.63876052984,680.3551295293305
12752,28079,274.7339535821857,23.860770235832348
12776,28085,264.25298481223894,22.95049327731356
12824,28093,274.7339535821857,23.860770235832348
12834,28095,274.7339535821857,23.860770235832348
12842,28097,264.25298481223894,22.95049327731356
12878,28107,274.7339535821857,23.860770235832348
12901,28113,264.25298481223894,22.95049327731356
12946,28123,274.7339535821857,23.860770235832348
13003,28145,244542.33349488935,21238.614144248226
13021,28149,502866.1856906657,43674.15952664544
13136,29019,1641.4216721467365,142.5582272177828
13152,29021,2038.45812571765,177.0410258321568
13165,29023,556.6103179500183,48.341862133636745
13182,29027,556.6103179500183,48.341862133636745
13208,29031,556.6103179500183,48.341862133636745
13273,29047,473175.8824474535,41095.543033556794
13291,29051,1113.2206359000363,96.68372426727346
13298,29053,1902.0290379400024,165.1920968064518
13306,29055,556.6103179500183,48.341862133636745
13350,29071,1113.2206359000363,96.68372426727346
13381,29077,1902.0290379400024,165.1920968064518
13446,29095,71321.11755192693,6194.2718643993085
13465,29097,11551.326635380534,1003.2380314558153
13482,29099,2783.051589750092,241.70931066818375
13498,29101,543.1110785286072,47.16944698074803
13550,29113,556.6103179500183,48.341862133636745
13602,29127,556.6103179500183,48.341862133636745
13637,29139,7489.40269978186,650.4580693178104
13651,29143,556.6103179500183,48.341862133636745
13732,29163,484463.96309335664,42075.9180297433
13778,29175,1641.4216721467365,142.5582272177828
13804,29183,556.6103179500183,48.341862133636745
13835,29187,556.6103179500183,48.341862133636745
13852,29189,4685.080627690094,406.9014074746355
13904,29207,556.6103179500183,48.341862133636745
13947,29217,2038.45812571765,177.0410258321568
13974,29223,1902.0290379400024,165.1920968064518
14005,29510,556.6103179500183,48.341862133636745
14042,30013,203748.3804687757,17695.64056025598
14227,30093,362.1983143233582,31.457090196498456
14260,30111,1533279.062943495,133165.99186697442
14400,31055,1062.6676712168492,92.29317603208841
14540,31119,531.3338356084246,46.146588016044205
14713,32003,3808.396773453518,330.76101149279987
14742,32007,128516.90390063277,11161.752216681178
14765,32019,567.3673553067814,49.27611577590163
14780,32023,146611.12510360588,12733.24365081625
14797,32031,4973.617322353363,431.96095212209843
14816,32510,567.3673553067814,49.27611577590163
14830,33001,340.73068875475724,29.592617041570286
14845,33003,340.73068875475724,29.592617041570286
14861,33005,340.73068875475724,29.592617041570286
14875,33007,340.73068875475724,29.592617041570286
14890,33009,681.4613775095145,59.18523408314057
14925,33013,1022.1920662642716,88.77785112471085
14942,33015,1022.1920662642716,88.77785112471085
14962,33017,681.4613775095145,59.18523408314057
14975,33019,340.73068875475724,29.592617041570286
14991,34001,352.8823693920034,30.647996094228247
15045,34007,1058.64710817601,91.94398828268473
15063,34009,7959.736278239824,691.3067569425277
15075,34011,352.8823693920034,30.647996094228247
15093,34013,352.8823693920034,30.647996094228247
15112,34015,2236651.214195683,194254.18672779272
15130,34017,2329.8833998907357,202.3514449386845
15148,34019,352.8823693920034,30.647996094228247
15185,34023,158344.70523532215,13752.310482258534
15205,34025,8665.501017023831,752.6027491309844
15222,34027,159382.50404324086,13842.443786074442
15241,34029,705.7647387840068,61.295992188456495
15259,34031,1058.64710817601,91.94398828268473
15286,34035,705.7647387840068,61.295992188456495
15303,34037,352.8823693920034,30.647996094228247
15319,34039,1452967.1401732028,126190.86443393
15335,34041,158323.85693506486,13750.49979779176
15352,35001,2405.2219909621263,208.894636226135
15370,35005,400.87033182702106,34.81577270435583
15403,35013,400.87033182702106,34.81577270435583
15418,35015,388445.1119038724,33736.636638899516
15434,35025,165392.50986157137,14364.415555771635
15459,35031,211734.339145472,18389.224744565767
15466,35035,400.87033182702106,34.81577270435583
15473,35037,421.0892891470001,36.57179844755105
15488,35043,400.87033182702106,34.81577270435583
15520,35049,1202.6109954810631,104.4473181130675
15531,35051,400.87033182702106,34.81577270435583
15577,36001,972.9887111164072,84.50451709843789
15605,36005,690.4480450152003,59.96573028953627
15621,36007,972.9887111164072,84.50451709843789
15635,36009,648.6591407442714,56.33634473229192
15664,36013,1297.3182814885429,112.67268946458384
15678,36015,648.6591407442714,56.33634473229192
15704,36019,645.9138123378094,56.097911697443536
15720,36021,324.3295703721357,28.16817236614596
15732,36023,324.3295703721357,28.16817236614596
15744,36025,324.3295703721357,28.16817236614596
15757,36027,972.9887111164072,84.50451709843789
15776,36029,62743.495801205565,5449.301469967829
15793,36031,324.3295703721357,28.16817236614596
15804,36033,648.6591407442714,56.33634473229192
15817,36035,324.3295703721357,28.16817236614596
15844,36039,648.6591407442714,56.33634473229192
15859,36043,324.3295703721357,28.16817236614596
15873,36045,142089.90775082246,12340.573844138164
15924,36053,324.3295703721357,28.16817236614596
15941,36055,1945.9774222328144,169.00903419687577
15960,36057,648.6591407442714,56.33634473229192
15977,36059,172790.12285960265,15006.90164727262
16014,36063,1294.5729530820809,112.43425642973546
16032,36065,648.6591407442714,56.33634473229192
16051,36067,142738.56689156673,12396.910188870455
16069,36069,7800.0650131652355,677.4392341280617
16087,36071,972.9887111164072,84.50451709843789
16112,36075,648.6591407442714,56.33634473229192
16126,36077,324.3295703721357,28.16817236614596
16156,36081,1380.8960900304005,119.93146057907254
16175,36083,324.3295703721357,28.16817236614596
16192,36085,690.4480450152003,59.96573028953627
16207,36087,648.6591407442714,56.33634473229192
16224,36089,324.3295703721357,28.16817236614596
16240,36091,7475.7354427930995,649.2710617619157
16272,36095,324.3295703721357,28.16817236614596
16283,36097,324.3295703721357,28.16817236614596
16292,36099,324.3295703721357,28.16817236614596
16322,36103,2273.068795582506,197.4170704219473
16339,36105,970.2433827099452,84.2660840635895
16348,36107,324.3295703721357,28.16817236614596
16360,36109,324.3295703721357,28.16817236614596
16378,36111,324.3295703721357,28.16817236614596
16395,36113,324.3295703721357,28.16817236614596
16412,36115,648.6591407442714,56.33634473229192
16426,36117,972.9887111164072,84.50451709843789
16443,36119,2071.3441350456005,179.8971908686088
16480,37001,263.29539295537995,22.86732598408935
16565,37019,263.29539295537995,22.86732598408935
16581,37021,263.29539295537995,22.86732598408935
16615,37025,263.29539295537995,22.86732598408935
16638,37029,263.29539295537995,22.86732598408935
16662,37035,263.29539295537995,22.86732598408935
16678,37037,526.5907859107599,45.7346519681787
16718,37045,263.29539295537995,22.86732598408935
16745,37049,263.29539295537995,22.86732598408935
16759,37051,31862.075124152245,2767.235879881149
16821,37063,526.5907859107599,45.7346519681787
16847,37067,526.5907859107599,45.7346519681787
16862,37069,263.29539295537995,22.86732598408935
16879,37071,221341.66438354895,19223.625360498703
16899,37077,263.29539295537995,22.86732598408935
16920,37081,789.8861788661399,68.60197795226806
16952,37085,263.29539295537995,22.86732598408935
16980,37089,263.29539295537995,22.86732598408935
17039,37101,526.5907859107599,45.7346519681787
17057,37105,263.29539295537995,22.86732598408935
17083,37109,263.29539295537995,22.86732598408935
17097,37111,263.29539295537995,22.86732598408935
17109,37113,274.7339535821857,23.860770235832348
17142,37119,9571.510908642924,831.2901249483587
17207,37129,223016.88198997133,19369.118780153178
17284,37147,263.29539295537995,22.86732598408935
17298,37149,263.29539295537995,22.86732598408935
17353,37157,263.29539295537995,22.86732598408935
17369,37159,263.29539295537995,22.86732598408935
17388,37161,263.29539295537995,22.86732598408935
17426,37167,855.6599224375451,74.314457834877
17463,37173,274.7339535821857,23.860770235832348
17482,37179,263.29539295537995,22.86732598408935
17497,37181,263.29539295537995,22.86732598408935
17515,37183,526.5907859107599,45.7346519681787
17578,37195,526.5907859107599,45.7346519681787
17604,37199,263.29539295537995,22.86732598408935
17618,38007,28.31916922127944,2.459532872614035
17631,38015,67243.35749872409,5840.116528163366
17704,38059,509656.7773242096,44263.92553343384
17759,38089,64344.32728999879,5588.334421091412
17812,39001,531.606524369441,46.170271160365
17822,39003,1005635.3820418088,87339.8954845419
17851,39007,531.606524369441,46.170271160365
17872,39011,531.606524369441,46.170271160365
17887,39013,531.606524369441,46.170271160365
17909,39017,-9566.214668655655,-830.8301440693946
17944,39023,531.606524369441,46.170271160365
17972,39027,531.606524369441,46.170271160365
18002,39031,7303.79514512945,634.337967823799
18014,39033,531.606524369441,46.170271160365
18032,39035,12503.04860528911,1085.895522298457
18048,39037,531.606524369441,46.170271160365
18075,39041,531.606524369441,46.170271160365
18089,39043,13723.907118001562,1191.9276456762377
18129,39049,26620.07297173061,2311.965581820758
18158,39053,531.606524369441,46.170271160365
18169,39055,531.606524369441,46.170271160365
18198,39059,531.606524369441,46.170271160365
18216,39061,25950.2015337496,2253.786939316601
18233,39063,1063.2130487388822,92.34054232073001
18263,39069,21027.477900813068,1826.2461275295252
18273,39071,531.606524369441,46.170271160365
18283,39073,531.606524369441,46.170271160365
18296,39075,531.606524369441,46.170271160365
18322,39079,531.606524369441,46.170271160365
18343,39083,21027.477900813068,1826.2461275295252
18359,39085,2264.691011089328,196.68945598525102
18383,39089,1063.2130487388822,92.34054232073001
18395,39091,1063.2130487388822,92.34054232073001
18412,39093,1545.3990445343302,134.21861784287123
18431,39095,2906812.4211276253,252457.99579862042
18458,39099,3327.904059828209,289.0299983059809
18470,39101,1063.2130487388822,92.34054232073001
18486,39103,477180.3404590301,41443.33205376133
18504,39107,531.606524369441,46.170271160365
18542,39113,2126.426097477764,184.68108464146
18561,39117,531.606524369441,46.170271160365
18573,39119,1063.2130487388822,92.34054232073001
18621,39129,531.606524369441,46.170271160365
18641,39133,1063.2130487388822,92.34054232073001
18680,39139,1063.2130487388822,92.34054232073001
18693,39141,1063.2130487388822,92.34054232073001
18720,39145,15178.234231047942,1318.2366243797392
18747,39149,531.606524369441,46.170271160365
18765,39151,1073394.195577668,93224.77960662074
18783,39153,1063.2130487388822,92.34054232073001
18800,39155,246347.88530466496,21395.427149412724
18818,39157,1594.819573108323,138.510813481095
18834,39159,531.606524369441,46.170271160365
18848,39161,531.606524369441,46.170271160365
18867,39165,9036.879631849337,784.8571526486851
18880,39167,1594.819573108323,138.510813481095
18896,39169,531.606524369441,46.170271160365
18946,40001,276.59453225153965,24.022362349061503
19003,40019,655172.4744731991,56902.030762536255
19015,40021,276.59453225153965,24.022362349061503
19050,40031,276.59453225153965,24.022362349061503
19068,40037,276.59453225153965,24.022362349061503
19105,40047,199599.3426126904,17335.294714054606
19116,40049,918229.3621939066,79748.64245729093
19125,40051,248316.11863024475,21566.36911905216
19143,40065,276.59453225153965,24.022362349061503
19154,40071,1791365.0187365925,155580.8758373756
19188,40081,276.59453225153965,24.022362349061503
19239,40097,1414.5783343470157,122.85677899052803
19287,40109,259279.5055636524,22518.544316961623
19320,40115,553.1890645030793,48.044724698123005
19337,40119,276.59453225153965,24.022362349061503
19383,40131,10308.78853465181,895.3230258870313
19405,40135,276.59453225153965,24.022362349061503
19436,40143,1732957.6045550867,150508.16505051212
19473,40153,496632.2372604895,43132.73823810432
19513,41005,1086.5949429700745,94.37127058949537
19530,41007,362.1983143233582,31.457090196498456
19582,41017,362.1983143233582,31.457090196498456
19599,41019,929.5656696301396,80.73320597240009
19680,41039,724.3966286467164,62.91418039299691
19712,41043,362.1983143233582,31.457090196498456
19739,41047,724.3966286467164,62.91418039299691
19763,41051,10329.26676944364,897.1015699979146
19829,41065,362.1983143233582,31.457090196498456
19841,41067,724.3966286467164,62.91418039299691
19862,41071,362.1983143233582,31.457090196498456
19878,42001,352.8823693920034,30.647996094228247
19896,42003,1177693.0242131297,102283.18084712386
19938,42009,352.8823693920034,30.647996094228247
19952,42011,1411.5294775680136,122.59198437691299
19969,42013,1411.5294775680136,122.59198437691299
19998,42017,2528.7514461005344,219.62322622377928
20014,42019,1195102.9538913171,103795.2412475831
20031,42021,1058.64710817601,91.94398828268473
20048,42025,352.8823693920034,30.647996094228247
20065,42027,352.8823693920034,30.647996094228247
20084,42029,161023.50096418944,13984.965123455297
20100,42031,352.8823693920034,30.647996094228247
20111,42033,352.8823693920034,30.647996094228247
20138,42037,705.7647387840068,61.295992188456495
20152,42039,764.3395991405176,66.38324575263808
20171,42041,2117.29421635202,183.88797656536946
20188,42043,2117.29421635202,183.88797656536946
20205,42045,1435614.4896358491,124683.77875319839
20234,42049,64908.12198805751,5637.300249942031
20270,42055,1453.2260780826598,126.21335331046797
20318,42065,352.8823693920034,30.647996094228247
20344,42069,705.7647387840068,61.295992188456495
20362,42071,2470.176585744024,214.53597265959775
20378,42073,428.4709338546174,37.21289768568477
20394,42075,6855.360048215005,595.3911733936089
20412,42077,1058.64710817601,91.94398828268473
20432,42079,1785.26014721734,155.05066493791873
20450,42081,352.8823693920034,30.647996094228247
20463,42083,586217.4291187697,50913.25335679326
20478,42085,705.7647387840068,61.295992188456495
20491,42087,352.8823693920034,30.647996094228247
20507,42089,705.7647387840068,61.295992188456495
20523,42091,3234.5161848845414,280.91921841223575
20539,42093,352.8823693920034,30.647996094228247
20552,42095,158676.73930445683,13781.147793885984
20568,42097,1881.5615676730388,163.4144875995044
20594,42101,2195358.3243675954,190667.88025305702
20611,42103,352.8823693920034,30.647996094228247
20634,42107,1470.1043379245243,127.67923794109456
20661,42111,352.8823693920034,30.647996094228247
20678,42115,705.7647387840068,61.295992188456495
20702,42119,726.6130390413299,63.10667665523398
20712,42121,1117.221968532521,97.03124184686632
20724,42123,489682.5293284957,42529.15290760806
20738,42125,1591.2307438698815,138.19912201101073
20767,42129,207170.99898714965,17992.896552851722
20794,42133,7208.242417607008,626.0391694878371
20823,44003,340.73068875475724,29.592617041570286
20853,44007,1362.922755019029,118.37046816628114
20910,45007,263.29539295537995,22.86732598408935
20924,45009,263.29539295537995,22.86732598408935
20996,45021,263.29539295537995,22.86732598408935
21139,45045,1316.4769647768996,114.33662992044675
21190,45053,263.29539295537995,22.86732598408935
21300,45075,263.29539295537995,22.86732598408935
21315,45077,263.29539295537995,22.86732598408935
21332,45079,1675.2176064223445,145.49341965446988
21355,45083,2201.808392333104,191.22807162264857
21383,45087,263.29539295537995,22.86732598408935
21408,45091,263.29539295537995,22.86732598408935
21447,46013,531.3338356084246,46.146588016044205
21618,46099,531.3338356084246,46.146588016044205
21638,46103,540.0515861147808,46.9037286573565
21699,47001,274.7339535821857,23.860770235832348
21758,47011,274.7339535821857,23.860770235832348
21773,47013,274.7339535821857,23.860770235832348
21822,47025,274.7339535821857,23.860770235832348
21853,47031,549.4679071643714,47.721540471664696
21873,47035,274.7339535821857,23.860770235832348
21889,47037,1373.6697679109282,119.30385117916173
21901,47039,274.7339535821857,23.860770235832348
21952,47049,274.7339535821857,23.860770235832348
21984,47055,274.7339535821857,23.860770235832348
22042,47065,1098.9358143287425,95.44308094332938
22158,47093,1515.412819796213,131.61430043183736
22170,47097,691.210959049656,60.031989724340335
22177,47099,274.7339535821857,23.860770235832348
22238,47109,549.4679071643714,47.721540471664696
22295,47119,274.7339535821857,23.860770235832348
22320,47123,274.7339535821857,23.860770235832348
22331,47125,549.4679071643714,47.721540471664696
22362,47133,274.7339535821857,23.860770235832348
22384,47141,274.7339535821857,23.860770235832348
22397,47143,274.7339535821857,23.860770235832348
22406,47145,274.7339535821857,23.860770235832348
22417,47147,274.7339535821857,23.860770235832348
22432,47149,549.4679071643714,47.721540471664696
22453,47153,274.7339535821857,23.860770235832348
22464,47155,274.7339535821857,23.860770235832348
22482,47157,782574.6303168765,67966.96659772896
22494,47159,965.9449126318416,83.89275996017267
22512,47163,549.4679071643714,47.721540471664696
22528,47165,274.7339535821857,23.860770235832348
22542,47167,274.7339535821857,23.860770235832348
22572,47177,274.7339535821857,23.860770235832348
22612,47185,274.7339535821857,23.860770235832348
22624,47187,549.4679071643714,47.721540471664696
22639,47189,274.7339535821857,23.860770235832348
22653,48001,264.25298481223894,22.95049327731356
22657,48003,248316.11863024475,21566.36911905216
22684,48013,1746.2758263487638,151.66485873917088
22735,48027,645.0674475415522,56.02440452559283
22753,48029,1900712.334108,165077.74047300845
22782,48037,276.59453225153965,24.022362349061503
22798,48039,1675240.9413129236,145495.44630044984
22814,48041,269.39420225046183,23.39701037658864
22836,48049,269.39420225046183,23.39701037658864
22855,48053,269.39420225046183,23.39701037658864
22874,48057,94869.97458887126,8239.500929640797
22879,48059,269.39420225046183,23.39701037658864
22889,48061,645.0674475415522,56.02440452559283
22921,48071,1422.1216802214165,123.51192204937331
22977,48089,269.39420225046183,23.39701037658864
22991,48091,33244.110217603346,2887.2662634312073
23042,48113,2182175.1189928213,189522.9128024824
23070,48121,538.7884045009237,46.79402075317728
23097,48133,269.39420225046183,23.39701037658864
23123,48139,9941.411829624603,863.4161900760399
23140,48141,1212446.5144236495,105301.53745719754
23202,48157,234250.58055541708,20344.770667638266
23218,48161,269.39420225046183,23.39701037658864
23234,48167,9624645.679168817,835904.9042085158
23289,48183,553.1890645030793,48.044724698123005
23359,48201,16888705.344181165,1466791.8273073277
23376,48203,9324.904835226764,809.8722740427058
23392,48209,269.39420225046183,23.39701037658864
23409,48213,269.39420225046183,23.39701037658864
23426,48215,9030.76579696661,784.3261632769877
23478,48227,1093825.861055345,94999.27915114972
23497,48233,1452459.420554496,126146.7687515135
23527,48245,15632332.773494309,1357675.2916593472
23620,48277,269.39420225046183,23.39701037658864
23663,48291,264.25298481223894,22.95049327731356
23677,48297,1141494.4318889803,99139.3164537892
23693,48303,914.461649792014,79.42141490218145
23722,48309,1722.6442565433997,149.6124460319474
23760,48325,808.1826067513855,70.19103112976592
23810,48339,528.5059696244779,45.90098655462712
23823,48341,1750737.1080232658,152052.3231046221
23827,48343,8011.735835132504,695.822942376485
23850,48349,269.39420225046183,23.39701037658864
23874,48355,6649162.249720009,577482.7997511361
23890,48361,223283.93426693245,19392.31239324119
23920,48367,538.7884045009237,46.79402075317728
23946,48375,276.59453225153965,24.022362349061503
23986,48389,269.39420225046183,23.39701037658864
24012,48401,269.39420225046183,23.39701037658864
24039,48411,233711.79215091612,20297.976646885087
24063,48423,478512.3662407681,41559.01910558672
24101,48439,268784.8256681035,23344.08574012066
24118,48441,1476.881624098302,128.26784836258224
24131,48449,276.59453225153965,24.022362349061503
24146,48451,32705.321813102422,2840.47224267803
24162,48453,269.39420225046183,23.39701037658864
24193,48463,269.39420225046183,23.39701037658864
24233,48471,264.25298481223894,22.95049327731356
24245,48473,264.25298481223894,22.95049327731356
24254,48475,233711.79215091612,20297.976646885087
24283,48481,269.39420225046183,23.39701037658864
24323,48491,233711.79215091612,20297.976646885087
24339,48493,26201.42244915253,2275.6055913714576
24435,49011,1222937.5939246153,106212.69253735588
24509,49035,1527233.376257422,132640.9211975019
24585,49049,362.1983143233582,31.457090196498456
24632,49057,362.1983143233582,31.457090196498456
24675,50005,340.73068875475724,29.592617041570286
24691,50007,340.73068875475724,29.592617041570286
24714,50011,340.73068875475724,29.592617041570286
24752,50019,340.73068875475724,29.592617041570286
24764,50021,340.73068875475724,29.592617041570286
24779,50023,340.73068875475724,29.592617041570286
24852,51009,276.4933364847665,24.01357345017103
24923,51027,5870.267534899138,509.8354355068571
24936,51031,276.4933364847665,24.01357345017103
24976,51041,263.29539295537995,22.86732598408935
24988,51043,263.29539295537995,22.86732598408935
24997,51047,263.29539295537995,22.86732598408935
25028,51059,263.29539295537995,22.86732598408935
25084,51069,32125.370517107625,2790.1032058652377
25179,51089,1552.4956585008958,134.83496203004125
25200,51095,8781.624729776782,762.6881469960906
25238,51107,263.29539295537995,22.86732598408935
25388,51153,789.8861788661399,68.60197795226806
25457,51171,1552.4956585008958,134.83496203004125
25489,51177,1560.1999815619608,135.50408603159173
25500,51179,526.5907859107599,45.7346519681787
25516,51185,1552.4956585008958,134.83496203004125
25630,51550,263.29539295537995,22.86732598408935
25697,51650,31862.075124152245,2767.235879881149
25727,51680,276.4933364847665,24.01357345017103
25782,51710,789.8861788661399,68.60197795226806
25794,51720,1552.4956585008958,134.83496203004125
25839,51760,526.5907859107599,45.7346519681787
26039,53025,362.1983143233582,31.457090196498456
26095,53033,128879.10221495612,11193.209306877674
26185,53049,362.1983143233582,31.457090196498456
26204,53053,201186.0690995381,17473.10263927145
26232,53057,2731673.201405251,237247.07400832043
26257,53061,724.3966286467164,62.91418039299691
26278,53063,1291.7639839534977,112.19029616889854
26343,53073,1731458.0345367177,150377.92670467132
26369,53077,362.1983143233582,31.457090196498456
26386,54003,829.4800094542994,72.0407203505131
26400,54009,297525.4753107041,25840.224381191474
26408,54011,276.4933364847665,24.01357345017103
26452,54029,725701.3216078206,63027.493576778186
26468,54033,276.4933364847665,24.01357345017103
26514,54045,276.4933364847665,24.01357345017103
26534,54051,276.4933364847665,24.01357345017103
26607,54073,276.4933364847665,24.01357345017103
26635,54081,276.4933364847665,24.01357345017103
26686,54099,276.4933364847665,24.01357345017103
26802,55017,1731.2419950913968,150.35916357947525
26853,55025,1927.9081671430256,167.43971108115423
26888,55031,1387919.987789929,120541.48933021468
27154,55079,1063.2130487388822,92.34054232073001
27212,55087,1594.819573108323,138.510813481095
27433,55121,531.3338356084246,46.146588016044205
27494,55131,531.606524369441,46.170271160365
27512,55133,1063.2130487388822,92.34054232073001
27551,55139,3057.5426900553903,265.54898898521515
27604,56007,803041.3908921813,69744.51416762934
27608,56009,128516.90390063277,11161.752216681178
27651,56021,666760.2086689854,57908.430807359415
27678,56025,191506.9847087962,16632.469707923065
27725,56037,250773.32011515216,21779.778198236043
27747,56041,159730.6444031305,13872.679936462247
27759,56045,225744.36124112905,19606.00160765344
