,County,State,FIPS,TotalOil (bbl),TotalGas (mcf),em_gas_county (lbCO2e),em_oil_county (lbCO2e),em_total_county (lbCO2e),annual_avg_emplvl
0,ACADIA,LA,22001,732119.6667,2262940.402,269515409.87526125,707710147.6406338,977225557.5158951,8
1,ADAMS,CO,08001,7273553,31081132,3904786329.4806004,7032266607.262152,10937052936.742752,19
2,ALBANY,WY,56001,15495,155,19418.7255,14980982.620120738,15000401.345620738,
3,ALCONA,MI,26001,0,2766487,341750640.4,0,341750640.4,
4,ALFALFA,OK,40003,1717486,30633213,3684138589.6399503,1615060468.9082737,5299199058.5482235,
5,ALLEGAN,MI,26005,24933,2233,275847.7376,24017175.51,24293023.25,
6,ALLEGHENY,PA,42003,35.00000000000001,188797488.1,22860109607.522564,33818.39358988119,22860143425.916153,936.25
7,ALLEN,KS,20001,604208.84,131597,15857366.121650001,568175701.2569093,584033067.3785592,55
8,ALLEN,LA,22003,230440.8672,704241,83874856.62,222757764.28987154,306632620.9055215,
9,ALPENA,MI,26007,0,4425190,546654119.9,0,546654119.9,
10,ANDERSON,KS,20003,352960.61,0,0,331911135.3995027,331911135.3995027,24.25
11,ANDERSON,TX,48001,644605,6162181,734632418.8,603734864.1,1338367282.810351,23.25
12,ANDREWS,TX,48003,71926831.3,126270540.1,15053506587.100872,67366427065.605576,82419933652.70645,514.75
13,ANGELINA,TX,48005,2687,68957106,8220811036.027801,2516635.117210318,8223327671.145011,8.5
14,ANTRIM,MI,26009,195,11651449,1439330876,187837.3731695041,1439518713.2483194,
15,ARANSAS,TX,48007,114141,2978070,355034486.5,109572456.06231362,464606942.6033136,
16,ARAPAHOE,CO,08005,2328154,6884878,864961337.1399001,2250921885.1864843,3115883222.3263845,236.75
17,ARCHER,TX,48009,1034993.291,370538,44174169.37,969371217.8109454,1013545387.1803454,10.75
18,ARCHULETA,CO,08007,1675,18875219,2371332457,1619435.0363796214,2372951892,
19,ARENAC,MI,26011,25629,107318,13257244.737300001,24687610.445954975,37944855.18325497,
20,ARMSTRONG,PA,42005,2411.329989,70731016.36125559,8564302434.765002,2329923.0468486864,8566632357.811851,197.25
21,ASCENSION,LA,22005,5257,9655,1149907.121,5081726.957382476,6231634.078132476,
22,ASHLAND,OH,39005,16892.99998,192188.9996,23943328.39,16272496.107279817,40215824.498830214,
23,ASHLEY,AR,05003,6611,0,0,6448534.998981405,6448534.998981405,
24,ASHTABULA,OH,39007,71634.00001,926336,115404976.82200597,69002781.49151383,184407758.3135198,7.5
25,ASSUMPTION,LA,22007,204190,1336929,159227776,197382124.2967335,356609900.2715835,
26,ATASCOSA,TX,48013,631,0,0,590992.4670486455,590992.4670486455,44.25
27,ATHENS,OH,39009,9578,243810.9998,30374510.744562108,9226186.463,39600697.20754352,
28,ATOKA,OK,40005,1734,10494394,1262120363,1630589.625235342,1263750952.5883353,
29,AUGLAIZE,OH,39011,3.000000096000001,117.0000003,14576.117434883015,2889.805833543078,17465.923268426093,
30,AUSTIN,TX,48015,512717,8771710,1045730810.8730001,480209009.07730645,1525939819.9503067,7
31,AVOYELLES,LA,22009,158338,25903,3085038.2339500003,153058870.6444791,156143908.87842909,
32,BACA,CO,08009,15506,235735,29615871.306750003,14991617.715882035,44607489.02263204,
33,BALDWIN,AL,01003,24330,27433054,3299267787,23518816.220870394,3322786603.5429707,
34,BANDERA,TX,48019,512,0,0,479537.4693009612,479537.4693009612,
35,BANNER,NE,31007,143872,4242,527982.8631,135291920.73924977,135819903.60234976,
36,BARBER,KS,20007,744593.03,11780566,1419551723.6887002,700187814.2,2119739537.8412652,31
37,BARBOUR,WV,54001,16723,16347657,2072859203.4973502,16158428.457245229,2089017631.9545953,
38,BARRY,MI,26015,938,0,0,903545.9283743326,903545.9283743326,0
39,BARTON,KS,20009,1722667.97,173558,20913643.543100003,1619933402.3109732,1640847045.8540733,59.5
40,BASTROP,TX,48021,68049,72008,8584527.33,63734463.38,72318990.71,
41,BAY,MI,26017,499747,0,0,481390583.22738546,481390583.22738546,13.5
42,BAYLOR,TX,48023,59692,1504,179301.3152,55907325.42483003,56086626.74003003,
43,BEAUREGARD,LA,22011,1071479.667,4729097,563233797.5,1035755584.2445576,1598989381.7606077,28
44,BEAVER,OK,40007,323363,12582311,1513226102,304078634.93943244,1817304737.0120823,39
45,BEAVER,PA,42007,2.220446e-16,101735994.1,12318468851.601486,2.145483336373637e-13,12318468851.601486,
46,BECKHAM,OK,40009,466684,13751125,1653794862,438852415.6074569,2092647277.526207,36.75
47,BEDFORD,PA,42009,0,7.275958e-12,8.809926397265998e-10,0,8.809926397265998e-10,
48,BEE,TX,48025,270138,9041890,1077940670.8070002,253010337.66020125,1330951008.4672015,7
49,BELMONT,OH,39013,607038.0004,793364769.7,98839128406.43893,584740632.8780506,99423869039.31699,150
50,BENT,CO,08011,0,201026,25255308.48,0,25255308.48,
51,BENZIE,MI,26019,0,96822,11960649.19,0,11960649.19,
52,BEXAR,TX,48029,92895,392368,46776661.2,87005142.98967342,133781804.18807343,1753.75
53,BIBB,AL,01007,0,340872,40995363.08,0,40995363.08,
54,BIENVILLE,LA,22013,88685,223561544.1,26626101655.769566,86505570.47113387,26712607226,106.25
55,BIG HORN,MT,30003,37797,0,0,36543155.862710774,36543155.862710774,6.25
56,BIG HORN,WY,56003,924873,987447,123709433.8,894192083.8218087,1017901517.6205087,0
57,BILLINGS,ND,38007,3126786,4153331,517915599.4,3102423642.735305,3620339242.104655,82.25
58,BLAINE,MT,30005,201952,2923858,365624934.27040005,195252623.56235063,560877557.8327507,
59,BLAINE,OK,40011,6070110,130786277,15729162007.62355,5708107491.370993,21437269498.994545,50.75
60,BLAIR,PA,42013,0,459721,55664259.93,0,55664259.93,
61,BOONE,WV,54005,789,4336560,549869520,762363.2154976072,550631883.2034976,
62,BORDEN,TX,48033,8665048,8828475,1052498124,8115654666.584678,9168152790.727179,
63,BOSSIER,LA,22015,1099842.561,481274673.5,57319645165.08956,1072813984.1520174,58392459149.24158,85
64,BOTTINEAU,ND,38009,1210942,183850,22925883.57,1201506943.8014548,1224432827.3739548,9.25
65,BOULDER,CO,08013,29976,399915,50242141.275750004,28981602.776427183,79223744.05217719,25.25
66,BOURBON,KS,20011,193303.66999999998,0,0,181775639.4590059,181775639.4590059,
67,BOWIE,TX,48037,26898,8566,1021206.826,25192575.877455574,26213782.703255575,
68,BOWMAN,ND,38011,4268154,6180341,770681415.3,4234898672.4500055,5005580087.757855,68.75
69,BRADFORD,PA,42015,0,936657439.6,113413011764.27658,0,113413011764.27658,
70,BRADLEY,AR,05011,5516,0,0,5380444.5703193825,5380444.5703193825,
71,BRAXTON,WV,54007,14977,1086152,137722498.7,14471373.737018583,152193872.4166186,
72,BRAZORIA,TX,48039,10997383,8559608,1020444795.2104001,10557207888.207872,11577652683.418272,791.5
73,BRAZOS,TX,48041,9521736,14978786,1785715445.4118001,8918025751.546595,10703741196.958395,51.5
74,BROOKE,WV,54009,3109020,84112863,10665389064.748652,3004058915.3946395,13669447980.143291,
75,BROOKS,TX,48047,311095,10772802,1284293595.0726001,291370525.4,1575664120.487019,
76,BROOMFIELD,CO,08014,28074040,92754264,11652908332.561201,27142736709.68534,38795645042.246544,
77,BROWN,KS,20013,7315.32,0,0,6879057.034184891,6879057.034184891,0
78,BROWN,TX,48049,66325,526809,62804219.79,62119770.80348877,124923990.59018877,
79,BRYAN,OK,40013,14247,1379308,165884062.8,13397353.166509755,179281415.99070975,
80,BUCHANAN,VA,51027,0,23504975,2876206245,0,2876206245,
81,BURKE,ND,38013,3336207,9143943,1140239177,3310212938.736141,4450452115.301691,41.66666666666666
82,BURLESON,TX,48051,15437999,14121422,1683503681.5786002,14459177678.771034,16142681360.349634,149.25
83,BUTLER,KS,20015,1453730.76,0,0,1367034772.2845957,1367034772.2845957,6
84,BUTLER,PA,42019,5626.649945,249561110.73038852,30217533102.234417,5436693.212283131,30222969795,76
85,CABELL,WV,54011,10537,573474,72715671.66,10181268.950187944,82896940.61288795,8.25
86,CADDO,LA,22017,1700502.86,1034397465,123196376051.91522,1658728691.9694655,124855104743.88469,305.5
87,CADDO,OK,40015,2323782,33517019.67,4030962915.1851707,2185198858.4248176,6216161773.609988,15.75
88,CALCASIEU,LA,22019,867074.5325,2690043.938,320383291.4408719,838165498.5669951,1158548790.007867,43
89,CALDWELL,LA,22021,0,45995,5477988.402,0,5477988.402,0
90,CALHOUN,AR,05013,3589,0,0,3500800.5008840216,3500800.5008840216,
91,CALHOUN,MI,26025,196394,39142,4835303.244,189180169.57052094,194015472.81422094,
92,CALHOUN,TX,48057,101408,409496,48818597.98,97349100.01110119,146167697.9959012,
93,CALHOUN,WV,54013,50223,1426313,180854420.24615002,48527462.321845785,229381882.5679958,21.5
94,CALLAHAN,TX,48059,99183,383944,45772383.09,92894462.53452584,138666845.62172586,6
95,CAMBRIA,PA,42021,1.110223e-15,405062.36066489003,49046044.29767868,1.2872900018241823e-12,49046044.29767868,
96,CAMERON,LA,22023,3056391.345,22140977.82,2636982709.5890594,2954488546.7371097,5591471256.326169,
97,CAMERON,PA,42023,0,36466819.77,4415500998.169641,0,4415500998.169641,
98,CAMERON,TX,48061,780,27759,3309325.2717000004,748780.1554971888,4058105.427197189,
99,CAMP,TX,48063,58010,34373,4097821.88,54331969.91044679,58429791.790346794,
100,CAMPBELL,WY,56005,19359327,83120624,10413526328.030401,18717117865.391037,29130644193.42144,260.75
101,CANADIAN,OK,40017,8480999,169026744.7,20328195833.30457,7975218558.841586,28303414392.146156,92.25
102,CARBON,MT,30009,308385,1157446,144737233.4,298154909.6680176,442892143.0328176,
103,CARBON,UT,49007,34848,35475324,4312000799,33691983.37179525,4345692782.8449955,123
104,CARBON,WY,56007,1349219,72255717,9052347962.765701,1304461206.178553,10356809168.944254,57.5
105,CARROLL,OH,39019,1865538.997,82759274,10310332425.469072,1797015101.3458066,12107347526.814878,
106,CARSON,TX,48065,95571,6001662,715495937.5,89511475.54406671,805007413.0346667,168.75
107,CARTER,MT,30011,9399,0,0,9087205.914586306,9087205.914586306,
108,CARTER,OK,40019,23259727,13490490,1622449294,21872589118.80413,23495038412.717632,379.75
109,CASS,MI,26027,63,0,0,60685.92056245517,60685.92056245517,
110,CASS,TX,48067,394541,354270,42234758.6,369525766.94427836,411760525.5452784,
111,CATAHOULA,LA,22025,164298,27583,3285125.6459500003,160260384.70165586,163545510.34760585,
112,CENTRE,PA,42027,137.00000200000005,3521946.1,426446743.0912809,132374.85684144316,426579117.9481223,11.333333333333334
113,CHAMBERS,TX,48071,5098761,4017239,478920369.8,4894680839.003848,5373601208.799548,67.25
114,CHARLEVOIX,MI,26029,0,193274,23875591.41,0,23875591.41,
115,CHASE,KS,20017,47169.66,28365,3417966.8992500002,44356607.97109487,47774574.87034487,
116,CHASE,NE,31029,19160,0,0,18017357.10467656,18017357.10467656,
117,CHAUTAUQUA,KS,20019,283102.3,58694,7072594.718,266218958.0509016,273291552.7692016,14
118,CHAVES,NM,35005,1277751,8895680,1066736142,1203367377.5010376,2270103519.5170374,198.25
119,CHEROKEE,OK,40021,328,50042,6018358.678300001,308439.0986604338,6326797.776960434,
120,CHEROKEE,TX,48073,319674,17610525,2099461631.5575001,299405587.81506926,2398867219.3725696,
121,CHEYENNE,CO,08017,748447,7319152,919520070.0216001,723618683.3869962,1643138753.4085963,17
122,CHEYENNE,KS,20023,312800.89,1422707,171435411,294146416.3773826,465581827.3885326,
123,CHEYENNE,NE,31033,192663,289801,36070240.86,181173177.02809498,217243417.88364497,
124,CHILDRESS,TX,48075,1565,0,0,1465773.7098750083,1465773.7098750083,
125,CHOCTAW,AL,01023,153857,37955,4564701.723250001,150075971.7649799,154640673.4882299,
126,CHOUTEAU,MT,30015,0,571982,71525662.72160001,0,71525662.72160001,
127,CIMARRON,OK,40025,84787,165721,19930626.64,79730566.64061646,99661193.28476647,
128,CLAIBORNE,LA,22027,1397946.165,10349771,1232654104,1363591706.2947133,2596245809.974863,21.75
129,CLARE,MI,26035,216772,211223,26092873.56,208809656.70102432,234902530.2650743,
130,CLARION,PA,42031,1076.3399970599999,7142075.299465732,864781760.8626194,1040002.5616316181,865821763.4,57.75
131,CLARK,KS,20025,159476.71,927631,111779025.30295001,149966014.29796153,261745039.60091156,
132,CLARKE,AL,01025,94343,2500,300665.375,92024525.39841215,92325190.77341215,
133,CLAY,KS,20027,2670.77,0,0,2511493.571735752,2511493.571735752,
134,CLAY,TX,48077,363766,1367510,163029482.41300002,340702005.9721356,503731488.38513565,
135,CLAY,WV,54015,19422,994357,126083025.8,18766309.722933494,144849335.5052835,
136,CLEARFIELD,PA,42033,0,9399363.48,1138100308.4399776,0,1138100308.4399776,
137,CLEBURNE,AR,05023,0,44595538,5295706759,0,5295706759,
138,CLEVELAND,OK,40027,247383,441363,53081028.76,232629846.1704698,285710874.9329198,68
139,CLINTON,PA,42035,0,20227421.04,2449190753.560008,0,2449190753.560008,
140,COAL,OK,40029,51736,43963996.1,5287380549.562016,48650625.635049395,5336031175.197065,
141,COCHRAN,TX,48079,2745288,2095256,249788667.87280002,2571227460.981049,2821016128.853849,16.25
142,COFFEY,KS,20031,398735.32,0,0,374955983.85634035,374955983.85634035,28.5
143,COKE,TX,48081,290577,2241924,267273884.16120002,272153435.97083086,539427320.1320308,
144,COLEMAN,TX,48083,189014,473235,56417325.730500005,177029873.48135132,233447199.21185133,9.5
145,COLFAX,NM,35007,0,15356337,1841473578.9594002,0,1841473578.9594002,
146,COLLINGSWORTH,TX,48087,3761,688001,82020933.62,3522539.886798662,85543473.50309867,
147,COLORADO,TX,48089,439211,10027443,1195434653,411363537.9475478,1606798190.8684478,
148,COLUMBIA,AR,05027,639404,2739137,325271697.00890005,623690678.0348974,948962375.0437975,41.5
149,COLUMBIANA,OH,39029,53997.00001,35646340.92,4440899573.191431,52013613.54326413,4492913186.734695,
150,COMANCHE,KS,20033,163049.58,2157089,259928038.10105002,153325809.42732406,413253847.5283741,
151,COMANCHE,OK,40031,41629,458246,55111482.17,39146375.726021945,94257857.89892194,0
152,COMANCHE,TX,48093,41694,325797,38840312.891100004,39050459.46295757,77890772.35405758,
153,CONCHO,TX,48095,221623,299093,35656760.815900005,207571352.7,243228113.5,
154,CONCORDIA,LA,22029,529360.1788,720257.0536,85782362.99736424,516351178.29926306,602133541.2966273,
155,CONECUH,AL,01035,2258857,6871764,826440600,2203345699.9234824,3029786299.9120827,
156,CONVERSE,WY,56009,31217272,88563947,11095477264,30181697920.59256,41277175185.04126,48.75
157,CONWAY,AR,05029,0,52320717,6213069447.534901,0,6213069447.534901,
158,COOKE,TX,48097,2190144,12583365,1500142216.8495002,2051281467.118524,3551423683.9680243,45.75
159,COSHOCTON,OH,39031,98778.00005,870100.0007,108398972.30605765,95149743.88230994,203548716.1883676,
160,COTTLE,TX,48101,94119,1785256,212831614.87280002,88151537.25222102,300983152.12502104,
161,COTTON,OK,40033,48609,21802,2622042.602,45710110.20361288,48332152.80591288,
162,COVINGTON,AL,01039,7829,0,0,7636602.708671219,7636602.708671219,
163,COWLEY,KS,20035,649619.05,2508,302212.6206,610877787.3617294,611179999.9823294,12.25
164,CRAIG,OK,40035,840,18633,2240919.173,789905.0087645255,3030824.1817145254,
165,CRANE,TX,48103,31050457.01,333214767.9,39724631729.38969,29081753075.18434,68806384804.57404,259.25
166,CRAWFORD,AR,05033,0,1459647,173332643.35590002,0,173332643.35590002,
167,CRAWFORD,KS,20037,47888.979999999996,0,0,45033029.96026689,45033029.96026689,
168,CRAWFORD,MI,26039,232758,1145725,141534101.7,224208468.22660223,365742569.9303522,
169,CRAWFORD,OH,39033,165,0,0,158939.31575881116,158939.31575881116,
170,CRAWFORD,PA,42039,1024,21313,2580635.5851000003,989429.5725,3570065.157558238,19.75
171,CREEK,OK,40037,1705645,553017,66509225.47,1603925629.3740108,1670434854.8485608,164.75
172,CROCKETT,TX,48105,9913195,101998421.6,12159874427.799917,9284664928,21444539355.50879,121
173,CROOK,WY,56011,745900,20461,2563397.0481000002,721156175.3048117,723719572.3529117,0
174,CROSBY,TX,48107,986766,8926,1064124.694,924201700.0629536,925265824.7567536,
175,CULBERSON,TX,48109,35888189,381290541.3,45456047554.01454,33612756505.575375,79068804059.58992,
176,CUSTER,OK,40039,686784,57652116,6933598031,645826335.2,7579424365.839276,117
177,CUSTER,SD,46033,348,0,0,345288.5575385991,345288.5575385991,
178,CUYAHOGA,OH,39035,54174.63677,1285687.508,160173778.25733623,52184725.45,212358503.71086043,
179,DAGGETT,UT,49009,948,851446,103492665.3,916551.8892464963,104409217.1770465,
180,DALLAS,TX,48113,0,6061015,722571782.5,0,722571782.5,3938.25
181,DANIELS,MT,30019,16939,0,0,16377080.64551308,16377080.64551308,
182,DAWSON,MT,30021,401120,233921,29251540.34,387813601.0702052,417065141.4150052,
183,DAWSON,TX,48115,4245363,2015193,240243853.2,3976192635.3201885,4216436488.5660887,55.5
184,DE SOTO,LA,22031,406151.0365,3072628751,365949008768.54865,396169894.6722643,366345178663.2209,176.75
185,DECATUR,KS,20039,211262.37,0,0,198663338.3648386,198663338.3648386,
186,DELAWARE,OH,39041,1873.9999893000002,0,0,1805165.3092809783,1805165.3092809783,
187,DELTA,CO,08029,0,398643,50082337.30815001,0,50082337.30815001,
188,DENTON,TX,48121,197450,144078626,17176520701,184931002.56538042,17361451703.369183,287.25
189,DEUEL,NE,31049,0,41640,5182745.502,0,5182745.502,
190,DEWEY,OK,40043,1669450,33370329,4013320993,1569889186.764211,5583210179.827561,
191,DICKENS,TX,48125,426803,26690,3181883.0470000003,399742247.0899573,402924130.1369573,
192,DICKENSON,VA,51051,0,3769625,461273367.30625004,0,461273367.30625004,
193,DICKINSON,KS,20041,3838.9700000000003,0,0,3610025.751781846,3610025.751781846,
194,DIVIDE,ND,38023,5378237,9348896,1165796580,5336332459.283686,6502129039.253285,
195,DODDRIDGE,WV,54017,775081,375220883,47577463894.11965,748914123.4868199,48326378017.60647,106
196,DOLORES,CO,08033,115,30086269,3779799651,111185.09204994417,3779910836.4135003,
197,DONLEY,TX,48129,0,5627,670830.1201,0,670830.1201,
198,DOUGLAS,KS,20045,46600.22,0,0,43821127.60420097,43821127.60420097,6.5
199,DUCHESNE,UT,49013,16550958,40094514,4873460111,16001911206.476171,20875371317.016373,437.5
200,DUNDY,NE,31057,224838,0,0,211429359.95309332,211429359.95309332,
201,DUNN,ND,38025,85477167,118662510,14797078535,84811171539.98834,99608250075.10184,263.25
202,DUVAL,TX,48131,983617,5358633,638836399.3179001,921252357.3074287,1560088756.6253288,9
203,EAST BATON ROUGE,LA,22033,445953,4171288,496798940.8,431084531.4486566,927883472.2978566,168.5
204,EAST FELICIANA,LA,22037,84833,5648,672674.8232000001,82004592.53863946,82677267.36183946,
205,EASTLAND,TX,48133,125299,1402013,167142802.4,117354619.85535377,284497422.26725376,155.75
206,EATON,MI,26045,2595,0,0,2499681.966024939,2499681.966024939,
207,ECTOR,TX,48135,39825891.52,110694757.82699999,13196619457.530981,37300795370.62055,50497414828.151535,1294.25
208,EDDY,NM,35015,143109375,731844054,87759957948.27481,134778335755.21565,222538293703.49048,1621
209,EDWARDS,KS,20047,140900.91,600907,72408963,132498017.3196186,204906980.3207686,
210,EDWARDS,TX,48137,2267,1728031,206009462.1,2123264.536924373,208132726.64222437,
211,ELBERT,CO,08039,6940,5263,661201.4792,6709778.598492282,7370980.0776422825,
212,ELK,KS,20049,77073.63,0,0,72477198.07,72477198.07,
213,ELK,PA,42047,2.220446e-15,67533186.07,8177100509,2.1454833363736375e-12,8177100509,3.5
214,ELLIS,KS,20051,3216866.5100000002,0,0,3025022581.8760223,3025022581.8760223,163
215,ELLIS,OK,40045,2757254,23404240,2814737838.4760003,2592819934.5666943,5407557773.042694,
216,ELLIS,TX,48139,32,2453495,292496596,29971.091831310074,292526567.06033134,13.75
217,ELLSWORTH,KS,20053,298399.5,63398,7639424.131,280603880.55098814,288243304.68208814,
218,EMERY,UT,49015,30,5961136,724571908.0048001,29004.80662172456,724600912.8114218,
219,ERATH,TX,48143,2449,1897598,226224612.4,2293725.121714949,228518337.56911495,
220,ERIE,OH,39043,2405.999995,0,0,2317624.1995212305,2317624.1995212305,
221,ERIE,PA,42049,4.440892e-16,3.6348702360000004e-13,4.401199023245172e-11,4.290966672747274e-13,4.444108689972645e-11,
222,ESCAMBIA,AL,01053,747509,8197716,985907742.1,729139002.9577359,1715046745.071136,
223,EVANGELINE,LA,22039,864608,4883107,581576334.6,835781202.4,1417357537.0414162,
224,FAIRFIELD,OH,39045,23275.000061400002,56659.000079995996,7058702.879766078,22420076.266940627,29478779.146706704,
225,FALL RIVER,SD,46047,27089,0,0,26877936.020583652,26877936.020583652,
226,FALLON,MT,30025,3097934,5806121,726048463.7,2995165886.5621886,3721214350.2669888,
227,FALLS,TX,48145,719,0,0,673412.9695847481,673412.9695847481,
228,FAULKNER,AR,05045,0,18048949,2143307279.0653002,0,2143307279.0653002,154.5
229,FAYETTE,AL,01057,35412,610415,73412261.95,34541751.83541515,107954013.78766516,
230,FAYETTE,PA,42051,3.5527136e-15,71780614.77,8691390644.011478,3.4327733381978194e-12,8691390644.011478,17.25
231,FAYETTE,TX,48149,3222013,28315819,3375707173,3017726484.5210896,6393433657,73
232,FAYETTE,WV,54019,93,1092522,138530205.4,89860.30296739857,138620065.7460674,
233,FERGUS,MT,30027,0,8030,1004141.8640000001,0,1004141.8640000001,
234,FINNEY,KS,20055,2588197.16,9635321,1161050881,2433845119.4691906,3594896000.5426407,94
235,FISHER,TX,48151,1739026,2310675,275470124,1628765873.2198699,1904235997,
236,FOARD,TX,48155,64917,35162,4191883.541,60801042.762911126,64992926.30351113,
237,FORD,KS,20057,520594.16000000003,976688,117690366.8,489547541.0923343,607237907.9139342,
238,FOREST,PA,42053,123.639999,270037.78000020003,32696903.50443022,119465.8899412456,32816369.394371465,
239,FORT BEND,TX,48157,1240641,5377558,641092567.8,1190983796.0207536,1832076363.8161535,144.25
240,FRANKLIN,AR,05047,0,2906504,345146478,0,345146478,
241,FRANKLIN,KS,20059,245210.07,0,0,230586502.9672618,230586502.9672618,20.75
242,FRANKLIN,LA,22041,6330925,3361405.151,400342176.9922972,6175342828.380934,6575685005.373231,0
243,FRANKLIN,NE,31061,32688,0,0,30738589.198208105,30738589.198208105,
244,FRANKLIN,OH,39049,82.0000007,0,0,78988.02426351537,78988.02426351537,29
245,FRANKLIN,TX,48159,895299,960634,114523231.1,838534017.0462524,953057248.1804523,
246,FREESTONE,TX,48161,54399,76598821,9131828024,50949919.52,9182777943.498907,167
247,FREMONT,CO,08043,18236,5933,745374.9526500001,17631055.11845897,18376430.07110897,
248,FREMONT,WY,56013,1884863,79165095,9917969348.299501,1822336227.4481208,11740305575.747622,209
249,FRIO,TX,48163,8579714.5,12962286,1545315776,8035731598.935081,9581047375.396881,53.25
250,FRONTIER,NE,31063,34252,0,0,32209317.1,32209317.1,
251,FURNAS,NE,31065,10870,0,0,10221746.958655229,10221746.958655229,
252,GAINES,TX,48165,62251391,73957034,8816883952,58304442383.993416,67121326336.44762,130
253,GALLIA,OH,39053,12094.99998,94840.99982,11815500.407620722,11650733.457804922,23466233.865425646,
254,GALVESTON,TX,48167,16131864,75451012,8994990481.895601,15486179018.435259,24481169500.33086,111
255,GARDEN,NE,31069,3658,2360,293738.698,3439848.240548374,3733586.938548374,
256,GARFIELD,CO,08045,1155687,439632336,55231911618,1117349265.0080333,56349260882.97684,389.25
257,GARFIELD,MT,30033,4312,1300,162563.44,4168957.5384292104,4331520.978,
258,GARFIELD,OK,40047,1198071,13190843,1586411903,1126621766.3756237,2713033669.2400737,75.25
259,GARFIELD,UT,49017,110211,9151,1112297.644,106554958.08622953,107667255.73052953,
260,GARVIN,OK,40049,4850482,62804871,7553300036,4561214317.526397,12114514353.943047,98.25
261,GARZA,TX,48169,2105992,223085,26595368.29,1972464988.3751364,1999060356.6606364,77.5
262,GEARY,KS,20061,458.13,0,0,430808.54960153817,430808.54960153817,
263,GEAUGA,OH,39055,49982.000047350004,1107596.999919927,137986870.96342432,48146090.22898591,186132961.19241023,
264,GENESEE,MI,26049,7233,0,0,6967321.641718067,6967321.641718067,
265,GILMER,WV,54021,100054,4173845,529237493.92475003,96676158.64,625913652.5602349,51.25
266,GLACIER,MT,30035,238686,437246,54677087.6,230768042.44376495,285445130,26
267,GLADWIN,MI,26051,198111,472841,58411159.91,190834101.72299296,249245261.62934297,
268,GLASSCOCK,TX,48173,61699684,264561025,31539986525,57787715473,89327701997,57.5
269,GOLDEN VALLEY,MT,30037,0,13341,1668276.041,0,1668276.041,
270,GOLDEN VALLEY,ND,38033,515806,467337,58276386.462450005,511787096.9,570063483.3,
271,GOLIAD,TX,48175,152199,4355481,519244329.5,142549068.92604882,661793398.4663489,
272,GOSHEN,WY,56015,29030,3905,489226.60050000006,28066984.54095547,28556211.141455468,
273,GOVE,KS,20063,602429.17,0,0,566502165.2486379,566502165.2486379,
274,GRADY,OK,40051,15621322,186675497,22450743323.52655,14689714870.623184,37140458194.149734,142.75
275,GRAHAM,KS,20065,983616.53,0,0,924956694.9411693,924956694.9411693,
276,GRAND,UT,49019,149690,2369944,288065034.2,144724316.77353165,432789351.0127317,10.333333333333334
277,GRAND TRAVERSE,MI,26055,34721,47413,5857039.3105500005,33445648.378555648,39302687.689105645,28.5
278,GRANT,KS,20067,615825.67,19380629,2335355135,579099739.5937736,2914454874.7478237,40
279,GRANT,LA,22043,240426,0,0,234517542.8324162,234517542.8324162,
280,GRANT,OK,40053,355578,3926470,472221429.99050003,334372432.3886577,806593862.3791578,7.75
281,GRAY,KS,20069,94140.27,340952,41084528.48,88526036.66600572,129610565.14240572,
282,GRAY,TX,48179,878601,5827101,694685420.9,822894726.7,1517580147.636327,164
283,GRAYSON,TX,48181,1056919,4205647,501381674.4,989906762.7267629,1491288437.172863,43
284,GREELEY,KS,20071,208118.65000000002,233913,28186387.847850002,195707100.0622753,223893487.9101253,
285,GREENE,PA,42059,0,1037994817,125683214987.19778,0,125683214987.19778,118.25
286,GREENWOOD,KS,20073,665956.28,0,0,626240715.7026081,626240715.7026081,30
287,GREER,OK,40055,467,21495,2585120.8942500004,439149.5703488493,3024270.4645988494,
288,GREGG,TX,48183,1101131,24273415,2893786725,1031315572.4781966,3925102297.142697,351.5
289,GRIMES,TX,48185,317164,8964792,1068749333,297054730.2995509,1365804062.809151,
290,GUADALUPE,TX,48187,1102612,15,1788.2445000000002,1032702672.0720145,1032704460.3165145,12.25
291,GUERNSEY,OH,39059,8974102.985,76028782.99,9471833048.691849,8644471442,18116304491.02942,16.5
292,GUNNISON,CO,08051,634,3400317,427188795.4,612968.2466057792,427801763.60645574,
293,HALE,TX,48189,4515838,5152944,614314917.8,4229518606.041238,4843833523.828438,
294,HAMILTON,KS,20075,12133.73,2156020,259799224.2,11410112.026186172,271209336.2151862,
295,HAMILTON,TX,48193,17,33150,3952020.3449999997,15922.142535383477,3967942.487535383,
296,HANCOCK,WV,54029,34,3456,438215.78880000004,32852.15377302743,471067.94257302745,
297,HANSFORD,TX,48195,224870,9226947,1100002482,210612481.87833425,1310614963.5144343,46
298,HARDEMAN,TX,48197,564763,121400,14472858.82,528955116.7476928,543427975.5676929,0
299,HARDIN,TX,48199,1248517,3919065,467216428.75949997,1198544555.6421585,1665760984.4016585,38.75
300,HARDING,NM,35021,0,34349142,4119018582,0,4119018582,
301,HARDING,SD,46063,1005124,4519374,568305405.3138001,997292575.0213416,1565597980.3351417,
302,HARLAN,NE,31083,38431,0,0,36139094.514082715,36139094.514082715,
303,HARMON,OK,40057,2821,0,0,2652764.3211008646,2652764.3211008646,
304,HARPER,KS,20077,361169.9,8700915,1048455472,339630848.8392652,1388086320.8360152,23
305,HARPER,OK,40059,70202,6374821,766675178.6,66015370.74438955,832690549.3535396,
306,HARRIS,TX,48201,1263712,6718755,800985111.7,1213131369.0559788,2014116480.7624788,36005
307,HARRISON,OH,39067,7332340.012,262258006.3374055,32672679397.127922,7063012753.607382,39735692150.735306,
308,HARRISON,TX,48203,770142,261163832,31134985744.861603,721312393.9109001,31856298138.772503,311.5
309,HARRISON,WV,54033,44265,161669842,20499501544,42770605.49303116,20542272149.822132,322.25
310,HARTLEY,TX,48205,231194,821518,97938336.34,216535518.90149692,314473855.2448969,
311,HARVEY,KS,20079,132584.86,124890,15049176.31,124677910.7146945,139727087.0251945,
312,HASKELL,KS,20081,6567202.95,10095057,1216448816,6175555361.640676,7392004177.859325,
313,HASKELL,OK,40061,0,11520972,1385582946.6978002,0,1385582946.6978002,
314,HASKELL,TX,48207,1880964,4292514,511737636.77820003,1761704524.230885,2273442161.009085,
315,HAYES,NE,31085,23509,0,0,22106996.25124432,22106996.25124432,
316,HEMPHILL,TX,48211,1761591,78878367,9403587064,1649900175.944042,11053487239.726143,159.25
317,HEMPSTEAD,AR,05057,1927,0,0,1879644.0694353608,1879644.0694353608,
318,HENDERSON,TX,48213,655089,19279489,2298429344.4707003,613554143.0212839,2911983487.4919844,10.75
319,HIDALGO,TX,48215,509714,39910344,4757963543,477396409.42826194,5235359952.835462,109
320,HILL,MT,30041,172,2321808,290339304.2,166294.22463122083,290505598.4550313,
321,HILL,TX,48217,0,8180241,975218065.1283001,0,975218065.1283001,0
322,HILLSDALE,MI,26059,4776,0,0,4600570.739782315,4600570.739782315,
323,HITCHCOCK,NE,31087,981228,0,0,922710609.4523784,922710609.4523784,
324,HOCKING,OH,39073,32421.999989120002,56848.00029,7082248.942052752,31231093.90183585,38313342.84,
325,HOCKLEY,TX,48219,20170742,11216013,1337131571,18891848774.614468,20228980345.226368,395
326,HODGEMAN,KS,20083,469737.99,595621,71772002.91,441724275.1285483,513496278.03699833,
327,HOLMES,OH,39075,84223.00007,856823.0011,106744894.48611866,81129369.71377079,187874264.19988945,14
328,HOOD,TX,48221,56399,29305171,3493654057.4873004,52823112.75606427,3546477170.243365,22.25
329,HOPKINS,TX,48223,125374,99111,11815646.71,117424864.60183342,129240511.31113341,
330,HOT SPRINGS,WY,56017,1603168,234601,29391305.942100003,1549985927.4045641,1579377233.3466642,111
331,HOUSTON,TX,48225,708514,2336098,278500959.99740005,663591817.4302758,942092777.4276758,70.66666666666667
332,HOWARD,TX,48227,109569401.5,214160996,25531481547.434803,102622331070.56824,128153812618.00304,148.75
333,HUERFANO,CO,08055,0,3956813,497102528.65665007,0,497102528.65665007,
334,HUGHES,OK,40063,207464,68575013.9,8247252907.949486,195091491.35514703,8442344399.304633,19
335,HUNT,TX,48231,467,0,0,437390.6214131814,437390.6214131814,
336,HUNTINGDON,PA,42061,0,31576.76,3823399.358,0,3823399.358,
337,HURON,OH,39077,24201.00011,25972.00011,3235648.9121214836,23312063.017720632,26547711.929842114,
338,HUTCHINSON,TX,48233,446855,5115975,609907610.4,418522882.5,1028430492.901252,845
339,IBERIA,LA,22045,1161425,9110759,1085088208,1122702060.3914673,2207790268.5258174,574.75
340,IBERVILLE,LA,22047,840003,1117276,133067180.55340001,811996554.9519027,945063735.5053028,
341,INDEPENDENCE,AR,05063,0,2054550,243977196.13500002,0,243977196.13500002,
342,INDIANA,PA,42063,2.6645352e-15,4775770.44,578263179.4551942,2.574580003648365e-12,578263179.4551942,190
343,INGHAM,MI,26065,9953,0,0,9587412.18,9587412.18,
344,IRION,TX,48235,10993687,132910298,15845073959.457401,10296650082.552492,26141724042.009895,266.5
345,ISABELLA,MI,26073,131811,0,0,126969394.84536156,126969394.84536156,94.75
346,JACK,TX,48237,923228,15073053,1796953608.3639002,864692224,2661645832.4025483,36.5
347,JACKSON,AR,05067,0,323101,38368146.82,0,38368146.82,
348,JACKSON,CO,08057,32789,31881,4005275.3860500003,31701286.810657557,35706562.196707554,
349,JACKSON,KS,20085,3089.84,0,0,2905571.538,2905571.538,
350,JACKSON,LA,22049,23033,16477901.64,1962512317.701127,22466965.153764743,1984979282.8548918,
351,JACKSON,MI,26075,492901,1121216,138506447.3,474796046.5262653,613302493.8638654,
352,JACKSON,OH,39079,0,4830.999993,601856.6073,0,601856.6073,
353,JACKSON,OK,40065,36790,20119,2419634.672,34595958.65767487,37015593.329524875,
354,JACKSON,TX,48239,9406397,2621110,312479036.1,9029901806,9342380842,25.5
355,JACKSON,WV,54035,7967,2457069,311552786.44995004,7698032.620873811,319250819.07082385,
356,JASPER,TX,48241,813420,8977676,1070285315,780862505.2365683,1851147820.5553684,42.5
357,JEFFERSON,AL,01073,0,10113031,1216255303,0,1216255303,26.33333333333333
358,JEFFERSON,KS,20087,10610.75,0,0,9977957.823509749,9977957.823509749,
359,JEFFERSON,LA,22051,2382656.307,7485310.088,891497811.6341792,2303216432.875042,3194714244.509221,34.5
360,JEFFERSON,OH,39081,1376.999988,473809027.1362561,59028170980.494484,1326420.823370031,59029497401.317856,
361,JEFFERSON,OK,40067,200470,266,31990.7959,188514591.79407668,188546582.58997667,
362,JEFFERSON,PA,42065,2.220446e-15,6946793.589999768,841136524.2,2.145483336373637e-12,841136524.2,82.25
363,JEFFERSON,TX,48245,641223,3812101,454464576.4,615557766.2,1070022342.662164,70.5
364,JEFFERSON DAVIS,LA,22053,449084.0781,5618584,669171387.8956001,434111216.6519062,1103282604.5475063,40
365,JIM HOGG,TX,48247,87186,5219390,622236364.1,81658112.88764375,703894476.9446437,14
366,JIM WELLS,TX,48249,103553,2200825,262374213.44750002,96987389.76273912,359361603.2102392,11.75
367,JOHNSON,AR,05071,0,816592,96970055.02,0,96970055.02,
368,JOHNSON,KS,20091,324286.71,48228,5811447.475,304947257.7437728,310758705.2183728,115.5
369,JOHNSON,TX,48251,6319,141692372,16892040328,5918354.040064011,16897958682.103664,62
370,JOHNSON,WY,56019,1028625,58083344,7276803311.342401,994502307.0423809,8271305618.384782,6.666666666666667
371,JOHNSTON,OK,40069,372070,1834304,220604680,349880900.7274012,570485580.7370012,
372,JONES,TX,48253,506684,215347,25672872.56,474558521.6704848,500231394.2265848,
373,KALAMAZOO,MI,26077,186221,0,0,179380838.30255497,179380838.30255497,
374,KALKASKA,MI,26079,16071,880375,108754792.63125001,15480689.354908206,124235481.98615822,
375,KANAWHA,WV,54039,28166,10338770,1310941045,27215110.681502666,1338156155.4650025,151.5
376,KAUFMAN,TX,48257,42657,18889,2251876.691,39952402.007756054,42204278.69845606,
377,KAY,OK,40071,776140,1552934,186765393.38410002,729853420.8363081,916618814.2204082,14.75
378,KEARNEY,NE,31099,2280,0,0,2144027.880932283,2144027.880932283,
379,KEARNY,KS,20093,335554.33,14897142,1795097417.5719001,315542911.8805053,2110640329.4524055,
380,KENAI PENINSULA,AK,02122,3678795,71008258,8158866596.264501,3611519802.556149,11770386398.82065,307.5
381,KENEDY,TX,48261,300248,25472540,3036741970.4020004,288230441.1893845,3324972411.591385,
382,KENT,MI,26081,23533,0,0,22668599.501527898,22668599.501527898,
383,KENT,TX,48263,4576682,10808172,1288510276,4286504890.771995,5575015166.375595,
384,KERN,CA,06029,42393731.05,91587445.99801736,11036236869.665792,41618464519.417465,52654701389.08326,1395.75
385,KIMBALL,NE,31105,336962,14276,1776870.1918000001,316866632.8134667,318643503.0052667,6
386,KIMBLE,TX,48267,292,0,0,273486.2129607044,273486.2129607044,
387,KING,TX,48269,4587514,162541,19377536.618300002,4296650105.356894,4316027641.975194,
388,KINGFISHER,OK,40073,18393667,106791570,12843410976.355501,17296725824.817574,30140136801.173073,264
389,KINGMAN,KS,20095,438169.83,3745378,451315989,412038742.2,863354731.1926961,22.25
390,KIOWA,CO,08061,111553,294870,37045122.583500005,107852439.76910801,144897562.35260803,
391,KIOWA,KS,20097,319926.3,1826132,220047901.6,300846889.0541693,520894790.68156934,
392,KIOWA,OK,40075,3834,782063,94055706.07,3605352.1471466557,97661058.21459666,
393,KIT CARSON,CO,08063,1183,14889,1870535.592,1143756.2077833386,3014291.800233339,
394,KLEBERG,TX,48273,156682,5151552,614148968.7,150410733.74821863,764559702.4458187,
395,KNOX,OH,39083,91341.00007,432908.0003,53932631.07734796,87985915.47,141918546.54381865,10.75
396,KNOX,TX,48275,130206,2,238.4326,121950499.46836123,121950737.90096124,
397,LA PLATA,CO,08067,14763,235224520,29551738658,14273265.338550657,29566011923.20455,149.5
398,LA SALLE,LA,22059,1612164.4910249999,2299002.152,273810351.7084237,1572545627.6644619,1846355979.3728855,66.75
399,LABETTE,KS,20099,6131.96,1765338,212722258.1,5766268.949456809,218488527.0135568,
400,LAFAYETTE,AR,05073,104111,244268,29006751.72,101552477.27710682,130559228.99670681,
401,LAFAYETTE,LA,22055,139371,894116,106488902.65940002,134724247.24697608,241213149.9063761,501
402,LAFOURCHE,LA,22057,72263581.7,36559496.06,4354223184.561507,69854249790.73192,74208472975.29343,353.25
403,LAKE,MI,26085,24,0,0,23118.44592855435,23118.44592855435,
404,LAKE,OH,39085,2179.000003,198158.9998,24687084.14,2098962.2397966417,26786046.383117944,
405,LAMAR,AL,01075,24050,762152,91661086.75,23458972.428604268,115120059.18340427,
406,LAMB,TX,48279,783694,910880,108591743.3,734005151.3014599,842596894.6454599,
407,LANE,KS,20101,758913.5700000001,0,0,713654321.6218659,713654321.6218659,
408,LAPEER,MI,26087,5871,0,0,5655349.835272608,5655349.835272608,
409,LARAMIE,WY,56021,9060187,9286069,1163378225.0649002,8759632396,9923010621,46.5
410,LARIMER,CO,08069,861452,6703279,842146682.5,832874955.7965956,1675021638.2885456,24
411,LAS ANIMAS,CO,08071,0,45104885,5666619168,0,5666619168,
412,LATIMER,OK,40077,0,13328583,1602977362.3654501,0,1602977362.3654501,44.25
413,LAVACA,TX,48285,9142014,36035869,4296062969.464701,8562379409.910073,12858442379.374775,48.75
414,LAWRENCE,OH,39087,1198.999995,124941.4166,15565476.550024776,1154959.0229346913,16720435.572959468,
415,LAWRENCE,PA,42073,3328.5,15025260.96,1819299165.2413921,3216129.2303977003,1822515294.4717898,
416,LE FLORE,OK,40079,0,9127061,1097676487,0,1097676487,
417,LEA,NM,35025,205561356,603679172,72390912325,193594706547.11066,265985618872.49707,1057
418,LEAVENWORTH,KS,20103,73895.41,0,0,69488517.24250977,69488517.24250977,
419,LEE,TX,48287,2300670,4984856,594276088.4,2154799745.1106296,2749075833.4634295,76.5
420,LEE,VA,51105,61,9619,1177037.111,57950.33914446234,1234987.4502944623,
421,LENAWEE,MI,26091,47127,0,0,45395958.38645753,45395958.38645753,
422,LEON,TX,48289,591390,31805214,3791699934,553893874.9,4345593808.729402,
423,LEWIS,WV,54041,39856,7718025,978634378.9,38510454.14052298,1017144833.0042729,93.75
424,LIBERTY,MT,30051,24643,401412,50196088.905600004,23825514.985971946,74021603.89157195,
425,LIBERTY,TX,48291,1020258,6198400,738950313.9200001,979421722.9323728,1718372036.852373,47.25
426,LICKING,OH,39089,94182.00001,546496.0004,68083674.01505506,90722561.44740145,158806235.46245652,20
427,LIMESTONE,TX,48293,56442,27196356,3242248936,52863386.41,3295112322.213513,
428,LINCOLN,CO,08073,338481,141211,17740627.412550002,327252531.6709317,344993159.08348167,
429,LINCOLN,LA,22061,2307229.684,402988216.4,47995755532.414085,2250529627.1884875,50246285159.60257,80.5
430,LINCOLN,NE,31111,603,0,0,567038.9527202487,567038.9527202487,
431,LINCOLN,OK,40081,357872,8255177,992818355.3585501,336529625.35306937,1329347980.7116194,28.75
432,LINCOLN,WV,54043,98409,4878363,618569354.8,95086694.13676049,713656048.9104105,
433,LINCOLN,WY,56023,192343,27927165,3498773878,185962384.00141224,3684736262.2479124,287.75
434,LINN,KS,20107,224622.07,0,0,211226307.34768555,211226307.34768555,
435,LIPSCOMB,TX,48295,1772227.5,38891474,4636497631.8262005,1659862285.8897836,6296359917.715984,27.5
436,LIVE OAK,TX,48297,19671438,91793048,10943227548,18424202335.99758,29367429884.279984,49.75
437,LIVINGSTON,LA,22063,636192,82799,9861331.920349998,614980794.4590209,624842126.3793708,
438,LIVINGSTON,MI,26093,26497,0,0,25523727.573704362,25523727.573704362,
439,LOGAN,AR,05083,0,6868193,815595858.2921001,0,815595858.2921001,
440,LOGAN,CO,08075,96798,200319,25166486.62,93586909.04565647,118753395.66960648,
441,LOGAN,KS,20109,685592.37,0,0,644705770.3,644705770.3,
442,LOGAN,OH,39091,9.000000432000002,117.00000110000002,14576.117537040422,8669.417639339908,23245.53517638033,
443,LOGAN,OK,40083,574801,7594068,913309321.2,540521653.5034024,1453830974.7016025,9.5
444,LOGAN,WV,54045,1985,7626298,967003528.3,1917986.0364546897,968921514.3043547,
445,LORAIN,OH,39093,262.99999879999996,18568.99999,2313366.8711397145,253339.6354778191,2566706.5066175335,
446,LOS ANGELES,CA,06037,1409995,365487,44040982.48,1384210010.0726345,1428250992.5547845,249.75
447,LOVE,OK,40085,746265,2514442,302402258.7,701760073.0543555,1004162331.7926555,40
448,LOVING,TX,48301,159924114.7,517790561.3,61729074890.72487,149784385273.86417,211513460164.58905,
449,LUBBOCK,TX,48303,1212573,86728,10339391.266400002,1135691772.9739735,1146031164.2403736,75.5
450,LYCOMING,PA,42081,0,447801989.1,54221073907,0,54221073907,141.25
451,LYNN,TX,48305,194404,58123,6929209.004900001,182078129.2616876,189007338.26658762,
452,LYON,KS,20111,70639.2,0,0,66426497.49418937,66426497.49418937,
453,MADISON,AR,05087,0,6004,712973.1988,0,712973.1988,
454,MADISON,TX,48313,2257508,7332667,874173428.9,2114374361.8099105,2988547790.6820107,
455,MAHONING,OH,39099,84009,4089750.999,509510176.8921173,80923230.16799666,590433407.1,17.25
456,MAJOR,OK,40093,2821200,24028386.56,2889801541.9943056,2652952393.721999,5542753935.716305,70.25
457,MANISTEE,MI,26101,71660,1382493,170782609.1,69027826.46834186,239810435.61689186,
458,MARION,AL,01093,0,25734,3094929.104,0,3094929.104,
459,MARION,KS,20115,118770.06,103502,12471934.073900001,111686982.4824562,124158916.5563562,
460,MARION,OH,39101,157.00000200000002,0,0,151233.16904249688,151233.16904249688,
461,MARION,TX,48315,369479,1369539,163271372.3,346052782.4606442,509324154.7463442,
462,MARION,WV,54049,3322,35194335,4462590646.214251,3209848.671588151,4465800494.8858385,
463,MARSHALL,OK,40095,483342,5806484,698323475.7166001,454516984.2,1152840459.938342,
464,MARSHALL,WV,54051,5342599,420487241,53317172452.30055,5162231879.283017,58479404331.58357,373.75
465,MARTIN,TX,48317,200829360.9,418244061,49861509449,1.88096E+11,237957609987.14227,
466,MASON,MI,26105,4858,0,0,4679558.763371543,4679558.763371543,
467,MASON,WV,54053,3167,251418,31879437.843900003,3060081.5,34939519.343875825,
468,MATAGORDA,TX,48321,18966704,35297513,4208038899,18207553295.37071,22415592194.43261,20
469,MAVERICK,TX,48323,1672336,7238653,862965427.6,1566304245,2429269672.2940803,
470,MAYES,OK,40097,42578,86635,10419257.91,40038780.31330472,50458038.21855472,
471,MCCLAIN,OK,40087,4695114,17126024,2059680971,4415111982.524341,6474792953.811941,9.25
472,MCCONE,MT,30055,435,0,0,420569.69601500616,420569.69601500616,
473,MCCULLOCH,TX,48307,34382,0,0,32202064.979503218,32202064.979503218,
474,MCDOWELL,WV,54047,83,8102218,1027349494,80197.90479886108,1027429692.0886989,
475,MCHENRY,ND,38049,45130,0,0,44778369.54516372,44778369.54516372,
476,MCINTOSH,OK,40091,1006,2453577,295082259.51855004,946005.2843060865,296028264.80285615,10
477,MCKEAN,PA,42083,152.3099983,33950343.95995035,4110799312.5994806,147167.98484692682,4110946480.5843277,125.5
478,MCKENZIE,ND,38053,173473469,509760065,63566493881.425255,172121850236.28415,235688344117.7094,512
479,MCKINLEY,NM,35031,4485,67578,8103696.964,4223908.013,12327604.977048751,
480,MCLEAN,ND,38055,764391,579337,72242657.66,758435246.5,830677904.1724709,
481,MCLENNAN,TX,48309,8,0,0,7492.772957827518,7492.772957827518,12.75
482,MCPHERSON,KS,20113,352035.84,12648,1524077.044,331041515.81027037,332565592.8538704,28
483,MEADE,KS,20119,169490.04,1994407,240324946.6,159382180.39488068,399707126.9710307,
484,MECOSTA,MI,26107,66856,18887,2333155.494,64400284.20830957,66733439.70275957,
485,MEDINA,OH,39103,43779.99996,441813.0007,55042035.61468132,42171898.40747021,97213934.02215153,
486,MEDINA,TX,48325,103005,9003,1073304.349,96474134.81512794,97547439.16402794,
487,MEIGS,OH,39105,18276.99998,286573.0002,35701894.82136611,17605659.820441354,53307554.64180747,
488,MENARD,TX,48327,80366,25297,3015814.741,75270523.94,78286338.68,
489,MERCER,OH,39107,890.9999988,0,0,858272.3039416578,858272.3039416578,
490,MERCER,PA,42085,70703.07,7887396.68,955027285.9854361,68316121.40779772,1023343407.3932338,70
491,MERCER,WV,54055,0,510048,64673346.830400005,0,64673346.830400005,
492,MESA,CO,08077,80202,36686533,4609004348.182651,77541450.02251844,4686545798.205169,56.5
493,MIAMI,KS,20121,436698.74,0,0,410655383.3894729,410655383.3894729,34.25
494,MIDLAND,MI,26111,29894,0,0,28795950.941175155,28795950.941175155,
495,MIDLAND,TX,48329,294834275.8,831797297,99163796098.34111,276140786124.3336,375304582222.67474,8738.75
496,MILAM,TX,48331,1833523,1561232,186124302.48160002,1717271443.994348,1903395746.475948,
497,MILLER,AR,05091,103104,2257,268018.0729,100570224.25275736,100838242.32565735,
498,MINERAL,WV,54057,0,180,22823.739,0,22823.739,
499,MINGO,WV,54059,3408,7475698,947907666.6,3292945.2958375732,951200611.9337375,
500,MISSAUKEE,MI,26113,41989,84322,10416494.816699998,40446684.42058619,50863179.23728619,
501,MITCHELL,TX,48335,6349508,919410,109608658.4,5946927729.738687,6056536388.121687,73.25
502,MOBILE,AL,01097,223555156,340378213,40935977221.38995,2.16102E+11,257037606041.44797,107.75
503,MOFFAT,CO,08081,210211,5863969,736702446.6064501,203237646.8253114,939940093.4317615,6
504,MONONGALIA,WV,54061,1269,131074054,16619999989.821701,1226158.3275874062,16621226148.149288,
505,MONROE,AL,01099,218680,273446,32886297.652900003,213305949.71672273,246192247.36962274,
506,MONROE,OH,39111,1220630.997606432,466758899.0791975,58149850517,1175795488.203402,59325646005,14.75
507,MONTAGUE,TX,48337,1124395,46256740,5514557393,1053104556.239559,6567661949,54.75
508,MONTCALM,MI,26117,37109,0,0,35745933.74844681,35745933.74844681,
509,MONTEZUMA,CO,08083,65618,269874564,33904894718,63441246.69681075,33968335964.873013,
510,MONTGOMERY,KS,20125,113603.61,3841782,462932618,106828643.51515684,569761261.5350568,
511,MONTGOMERY,TX,48339,5944956,11241264,1340141901.4032001,5707006510.389673,7047148411.792873,1745
512,MONTMORENCY,MI,26119,1062,17362106,2144781755,1022991.232,2145804746.3614385,
513,MOORE,TX,48341,262850,23097077,2753548060.7551003,246184421.4956204,2999732482.2507205,87
514,MOREHOUSE,LA,22067,403,2075098,247143445.5,393096.29474958504,247536541.8104496,
515,MORGAN,CO,08087,35153,13557,1703193.702,33986865.57244945,35690059.27429945,
516,MORGAN,OH,39115,31063.99996,432742.0006,53911950.464411005,29922975.14184542,83834925.60625643,
517,MORRILL,NE,31123,46887,0,0,44090804.94,44090804.94,
518,MORRIS,KS,20127,47527.69,0,0,44693286.17381863,44693286.17381863,
519,MORRIS,TX,48343,4193,0,0,3927149.626521348,3927149.626521348,
520,MORROW,OH,39117,77991.99983,11337,1412388.4012754178,75127242.96006535,76539631.36134076,
521,MORTON,KS,20129,674890.54,9283472,1118653270,634642164.1830897,1753295434.2734897,
522,MOTLEY,TX,48345,33706,4741,565204.4783,31568925.664566793,32134130.142866794,
523,MOUNTRAIL,ND,38061,84709809,144577228,18028614068,84049792410.86276,102078406478.65056,348
524,MURRAY,OK,40099,158873,21668,2605926.938,149398307.68743625,152004234.62563625,
525,MUSKEGON,MI,26121,5132,0,0,4943494.354389205,4943494.354389205,
526,MUSKINGUM,OH,39119,68511.99999,1750796.996865254,218118141.62286645,65995456.96400291,284113598.58686936,123
527,MUSKOGEE,OK,40101,25200,30372,3652723.508,23697150.262935765,27349873.770735763,
528,MUSSELSHELL,MT,30065,69429,989,123673.2632,67125823.96465716,67249497.22785716,
529,NACOGDOCHES,TX,48347,49837,111099416,13244861307.680801,46677165.737406254,13291538473.418207,34.75
530,NATCHITOCHES,LA,22069,6576,58695334,6990593736,6421223.097609227,6997014959,
531,NATRONA,WY,56025,4264166,7401938,927330336.7,4122710341.097758,5050040677.807558,785.25
532,NAVARRO,TX,48349,125449.625,419873,50055705.53,117495694.72120038,167551400.25110036,15
533,NEMAHA,KS,20131,42972.479999999996,0,0,40409734.75123023,40409734.75123023,
534,NEOSHO,KS,20133,58461.65,4254143,512621891.7,54975178.756712645,567597070.4780626,32.5
535,NESS,KS,20135,1402657.45,15967,1924014.718,1319007315.876044,1320931330.594194,
536,NEVADA,AR,05099,54391,6290,746935.6130000001,53054343.840507895,53801279.45350789,
537,NEWAYGO,MI,26123,36082,403,49783.53705,34756656.91642075,34806440.45347075,
538,NEWTON,TX,48351,624914,2433444,290106189.9,599901541.1440644,890007731.0812645,
539,NICHOLAS,WV,54067,0,418013,53003442.281150006,0,53003442.281150006,
540,NIOBRARA,WY,56027,678894,1006060,126041309.52600001,656372972.8883024,782414282.4143025,9
541,NOBLE,OH,39121,506555.9996,57200986.99294063,7126224801.751928,487949478.6008238,7614174280.352752,
542,NOBLE,OK,40103,674692,2005190,241156481.3,634455464.4920895,875611945.8105896,13
543,NOLAN,TX,48353,1249286,2377761,283467868.7,1170077044.6740637,1453544913.3783636,
544,NORTH SLOPE,AK,02185,155822338,3254590785,373953294844.1963,152972769444.2331,526926064288.4294,230
545,NORTON,KS,20137,181339.12,0,0,170524618.0630373,170524618.0630373,
546,NOWATA,OK,40105,69397,507444,61028336.22,65258378.44432354,126286714.66492355,15.25
547,NUECES,TX,48355,363886,9091286,1083829479.1618001,349321302.13237184,1433150781.294172,265.75
548,OAKLAND,MI,26125,11710,20444,2525495.363,11279875.075973809,13805370.43937381,
549,OCEANA,MI,26127,2144,0,0,2065247.8362841886,2065247.8362841886,
550,OCHILTREE,TX,48357,3836148,26498530,3159056702,3592923249.578015,6751979951.617015,238
551,OGEMAW,MI,26129,283089,478018,59050686.882300004,272690739.1445218,331741426.0268218,19.5
552,OHIO,WV,54069,4025364,122341917,15512777679.82035,3889466974.1296706,19402244653.95002,
553,OKFUSKEE,OK,40107,272834,2617157,314755396.3,256563027.57292923,571318423.9084792,
554,OKLAHOMA,OK,40109,11867098,41001065,4931040233,11159381130.594622,16090421364.044373,5520.5
555,OKMULGEE,OK,40111,167570,508221,61121783.019150004,157576645.61746612,218698428.6366161,5.75
556,OLDHAM,TX,48359,347040,732748,87355505.39240001,325036490.91055775,412391996.3029578,
557,ORANGE,TX,48361,477166,1976204,235595728.92520002,458067220.09996355,693662949.0251635,29.75
558,OSAGE,KS,20139,1275.35,0,0,1199292.0868188543,1199292.0868188543,
559,OSAGE,OK,40113,5288624,877525,105536553.3,4973226889.371761,5078763442.650512,535.75
560,OSBORNE,KS,20141,144209.89,0,0,135609660.02902532,135609660.02902532,
561,OSCEOLA,MI,26133,18850,147947,18276240.59,18157612.739718728,36433853.32516873,15
562,OSCODA,MI,26135,518,2527351,312209608.30485004,498973.12462463137,312708581.42947465,
563,OTSEGO,MI,26137,265368,15522296,1917505702.2756002,255620656.63202545,2173126358.9076257,39.5
564,OTTAWA,MI,26139,12065,0,0,11621835.422000343,11621835.422000343,
565,OUACHITA,AR,05103,144529,2841,337367.89770000003,140977206.9078481,141314574.8055481,28
566,OUACHITA,LA,22073,19707,28205307,3359242191.8425503,19222701.440769408,3378464893.2833195,13
567,PALO PINTO,TX,48363,115413,5617636,669713778.7,108095425.67271842,777809204.3395184,
568,PANOLA,TX,48365,1449185,480552655,57289709484.276505,1357301772.361159,58647011256.637665,187
569,PARK,WY,56029,3759728,5127661,642404138.2,3635006119.6761084,4277410257.8442082,95
570,PARKER,TX,48367,67788,51118891,6094205045.123301,63490011.65815148,6157695056.781452,250.75
571,PAWNEE,KS,20145,196122.14,371877,44810973.967650004,184426024.6614494,229236998.6290994,
572,PAWNEE,OK,40117,381911,325634,39162747.49,359135014.05031985,398297761.53941983,73.25
573,PAYNE,OK,40119,512933,2558488,307699501.6,482343268.88168377,790042770.4628837,83.75
574,PECOS,TX,48371,50263008.81,155795814.9,18573400604.085262,47076164151.16828,65649564755.25354,90.5
575,PENDLETON,WV,54071,0,3405,431749.0628,0,431749.0628,
576,PERRY,OH,39127,60676.00008,173394.00006996002,21601805.995515775,58447284.45550283,80049090.45,6.5
577,PETROLEUM,MT,30069,12680,0,0,12259364.932115583,12259364.932115583,
578,PHELPS,NE,31137,30221,0,0,28418713.416515145,28418713.416515145,
579,PHILLIPS,CO,08095,0,789914,99238515.14,0,99238515.14,
580,PHILLIPS,KS,20147,376880.82,0,0,354404818.36343044,354404818.36343044,11
581,PHILLIPS,MT,30071,0,7296531,912422445.7,0,912422445.7,
582,PICKAWAY,OH,39129,25615,112.9999995,14077.78854,24674124.68871979,24688202.477257498,
583,PICKENS,AL,01107,81248,806945,97048168.41,79251334.38167316,176299502.79342318,
584,PITTSBURG,OK,40121,13606,108494203.2,13048180120.992327,12794580.41577397,13060974701,42
585,PLAQUEMINES,LA,22075,40101679.35,51738285.93,6162011745.426662,38764723395.05874,44926735140,494
586,PLEASANTS,WV,54073,75665,6076202,770453603.1,73110535.74223885,843564138.8493389,
587,POINTE COUPEE,LA,22077,307919,5310210,632444152.4,297652707.43584836,930096859.8623483,
588,POLK,TX,48373,800076,17678477,2107562618,768052604.7302164,2875615222.3053164,
589,PONDERA,MT,30073,45202,63870,7986866.856000001,43702508.96383979,51689375.81983979,10.25
590,PONTOTOC,OK,40123,4507301,301620,36274676.16,4238499566.5587554,4274774242.7217555,86.25
591,POPE,AR,05115,0,1450590,172257127.3,0,172257127.3,
592,PORTAGE,OH,39133,153918.0001,2300427.998808616,286592381.03317475,148264373.44227228,434856754.47544706,69
593,POTTAWATOMIE,OK,40125,789125,635061,76376341.48515001,742064035.7634598,818440377.2486098,49.5
594,POTTER,PA,42105,2.220446e-16,36442279.11,4412529548.7923975,2.145483336373637e-13,4412529548.7923975,
595,POTTER,TX,48375,630908,13139603,1566454853,590906300.1596304,2157361153.2885303,135.25
596,POWDER RIVER,MT,30075,2172036,58734783,7344714132,2099982805.1808045,9444696937.591206,
597,PRAIRIE,MT,30079,27820,4118,514950.95840000006,26897124.00721258,27412074.96561258,
598,PRATT,KS,20151,372870.16,466129,56168288.13,350633341.6700357,406801629.79908574,16
599,PRESIDIO,TX,48377,1169,0,0,1094881.448462546,1094881.448462546,
600,PRESQUE ISLE,MI,26141,33400,24819,3065949.395,32173170.583904803,35239119.98,0
601,PRESTON,WV,54077,1262,1582893,200708537.2,1219394.649,201927931.85401943,
602,PROWERS,CO,08099,10,217141,27279868.969049998,9668.268873908188,27289537.237923905,
603,PUSHMATAHA,OK,40127,0,1606445,193200955.33675003,0,193200955.33675003,
604,PUTNAM,WV,54079,570,2188871,277545668.93705004,550756.6956066363,278096425.6326567,
605,RALEIGH,WV,54081,11,1904922,241541347.46310002,10628.637985391228,241551976.1010854,
606,RANDOLPH,WV,54083,871,766576,97200725.26480001,841594.8804796146,98042320.14527963,
607,RAPIDES,LA,22079,128581,766452,91284164.94,124293995.41700518,215578160.35880518,
608,RAWLINS,KS,20153,405373.83,0,0,381198593.7369753,381198593.7369753,
609,REAGAN,TX,48383,54904143.5,409765029.8,48850670716.18493,51423035211.18519,100273705927.37012,224.5
610,REAL,TX,48385,781,0,0,731481.9600079114,731481.9600079114,
611,RED RIVER,LA,22081,22344,760389455.5,90562118013.74059,21794897.294999324,90583912911.03558,
612,RED RIVER,TX,48387,63185,0,0,59178857.41754147,59178857.41754147,0
613,RED WILLOW,NE,31145,408902,0,0,384516354.6355143,384516354.6355143,17.75
614,REEVES,TX,48389,199250858,1148333603,136900083355.14716,186617680080.79135,323517763435.9385,69.5
615,REFUGIO,TX,48391,10796325.56,17858041.31,2128969610.4637856,10364197861.044966,12493167471.50875,43
616,RENO,KS,20155,532605.41,610550,73570939.2,500842477.4453377,574413416.6428378,13.5
617,RENVILLE,ND,38075,437059,15160,1890434.566,433653654.2220189,435544088.7880189,
618,RICE,KS,20159,641471.5700000001,73128,8811883.78,603216197.7655284,612028081.5451285,3
619,RICHARDSON,NE,31147,127878,0,0,120251753.22713093,120251753.22713093,
620,RICHLAND,LA,22083,60745218,31618403.46,3765740785.5256896,59252407244.55533,63018148030.08102,
621,RICHLAND,MT,30083,8007025,13150790,1644490509,7741407058,9385897567,144.25
622,RICHLAND,OH,39139,20862.00009,56029.999987350006,6980340.664424036,20095709.212979846,27076049.87740388,
623,RILEY,KS,20161,34683.54,0,0,32615121.39010092,32615121.39010092,
624,RIO ARRIBA,NM,35039,765087,156732092,18794716891,720547850.6768035,19515264741.367203,
625,RIO BLANCO,CO,08103,2977669,90536849,11374329940.41045,2878890450.950132,14253220391.360582,158.75
626,RITCHIE,WV,54085,1082610,250793554,31800258996.546703,1046060888.1240362,32846319884.67074,131
627,ROANE,WV,54087,46377,1865375,236526845.2,44811303.986226276,281338149.1924763,52.25
628,ROBERTS,TX,48393,1254741,30630706,3651679435.7078004,1175186179.2346823,4826865614.942483,
629,ROBERTSON,TX,48395,2027883,52122167,6213811898,1899308363.0047677,8113120260.726868,23.75
630,ROGER MILLS,OK,40129,1017598,33723109.66,4055748564.836009,956911615.6056709,5012660180,
631,ROGERS,OK,40131,7015,235341,28303556.01,6596647.1862894595,34900203.19343946,
632,ROOKS,KS,20163,1914821.8900000001,0,0,1800627859.2892325,1800627859.2892325,12
633,ROOSEVELT,MT,30085,2591395,3439315,430082213.6,2505430361.8501306,2935512575.4221306,
634,ROOSEVELT,NM,35041,313614,1148490,137722556.53800002,295357121.0099702,433079677.5479702,0
635,ROSCOMMON,MI,26143,15398,21144,2611968.008,14832409.600328328,17444377.608728327,
636,ROSEBUD,MT,30087,93413,3159,395029.1592,90314200.03183855,90709229.19103855,
637,ROUTT,CO,08107,39672,44106,5541127.197,38355956.27656856,43897083.473868564,
638,RUNNELS,TX,48399,272329,292938,34922984.49,255062420.8540263,289985405.3434263,
639,RUSH,KS,20165,172454.71,321162,38699844.36,162170046.68337345,200869891.04427344,0
640,RUSK,TX,48401,1607087,93379260,11132329874,1505192251.809519,12637522125.747519,20.75
641,RUSSELL,KS,20167,2082234.04,0,0,1958056068.5904684,1958056068.5904684,52
642,RUSSELL,VA,51167,0,3161740,386889002.6,0,386889002.6,
643,SABINE,LA,22085,56621,469169701.6,55877947251.164444,55229541.69979219,55933176792.864235,
644,SABINE,TX,48403,86,706863,84269591.47,80547.30929664582,84350138.77619666,
645,SAGINAW,MI,26145,2630,0,0,2533396.3663374144,2533396.3663374144,
646,SALINE,KS,20169,68388.56,0,0,64310078.67403962,64310078.67403962,
647,SAN AUGUSTINE,TX,48405,27101,198673347,23685101338,25382704.991260447,23710484042.94736,
648,SAN JACINTO,TX,48407,92414,1710987,203977539.48810002,88715088.83348359,292692628.3215836,
649,SAN JUAN,NM,35045,4665990,265451020,31831877604.524002,4394361772.947989,36226239377.47199,1097.75
650,SAN JUAN,UT,49037,2802831,7298759,887159047.3187001,2709852371.612496,3597011418.931196,76.25
651,SAN MIGUEL,CO,08113,406,79572,9996793.483,392531.7162806724,10389325.198880672,
652,SAN PATRICIO,TX,48409,416703,3826978,456238157.3,400024278.3796731,856262435.7210732,173.75
653,SANDOVAL,NM,35043,2103884,9161097,1098563940.0714002,1981407466.4362564,3079971406.5076566,0
654,SANDUSKY,OH,39143,4052.0000299999992,17642.00006,2197879.179894865,3903164.316502316,6101043.4963971805,
655,SANPETE,UT,49039,71276,634255,77093251.27149999,68911553.23,146004804.5,
656,SANTA BARBARA,CA,06083,913777,279403,33667907.83,897066493.4089422,930734401.2372922,234
657,SANTA CRUZ,CA,06087,1486726,1658741,199877378.19245002,1459537807.8895652,1659415186.0820153,
658,SCHLEICHER,TX,48413,262806,5171899,616574662.8,246143211.24435234,862717873.9980524,
659,SCOTT,AR,05127,0,708247,84104118.78,0,84104118.78,
660,SCOTT,KS,20171,498720.26,68374,8239029.394300001,468978132.55517435,477217161.94947433,
661,SCOTT,VA,51169,0,1608,196764.2868,0,196764.2868,
662,SCOTTS BLUFF,NE,31157,15916,0,0,14966819.189876413,14966819.189876413,
663,SCURRY,TX,48415,40036723.1,124527362,14845691346,37498259520.46354,52343950866.864136,84
664,SEBASTIAN,AR,05131,0,6258733,743222666.1,0,743222666.1,68
665,SEDGWICK,CO,08115,0,19574,2459121.747,0,2459121.747,
666,SEDGWICK,KS,20173,148228.49,13218,1592761.73,139388603.20547903,140981364.93557903,246.75
667,SEMINOLE,OK,40133,1152801,4601609,553417798.2,1084051528.5818498,1637469326.8171997,54.5
668,SENECA,OH,39147,1176.0000049999999,1.9984014e-15,2.4896524289508004e-13,1132803.855315506,1132803.855315506,
669,SEQUOYAH,OK,40135,0,759661,91361503.78,0,91361503.78,
670,SEVIER,UT,49041,1103994,0,0,1067371082.7181395,1067371082.7181395,
671,SEWARD,KS,20175,299448.56,6752213,813637952.8,281590377.8706245,1095228330.6534746,39.25
672,SHACKELFORD,TX,48417,345373,1061971,126604253.32730001,323475184.3454704,450079437.67277044,48.75
673,SHELBY,AL,01117,0,1328751,159803767.1,0,159803767.1,
674,SHELBY,TX,48419,41495,68110880,8119927103.344001,38864076.73563161,8158791180.079633,
675,SHERIDAN,KS,20179,185060.52000000002,0,0,174024085.3244853,174024085.3244853,
676,SHERIDAN,MT,30091,353715,169618,21210527.358400002,341981172.47344345,363191699.83184344,6
677,SHERIDAN,WY,56033,7755,355870,44584140.93,7497742.512,52081883.44,
678,SHERMAN,KS,20181,36681.5,688696,82987489.21720001,34493929.26070945,117481418.47790946,
679,SHERMAN,TX,48421,80843,12534355,1494299426,75717280.52870625,1570016706.5152063,
680,SHIAWASSEE,MI,26155,3054,0,0,2941822.2444085414,2941822.2444085414,
681,SIOUX,NE,31165,1180,0,0,1109628.4646930238,1109628.4646930238,
682,SLOPE,ND,38087,244127,56552,7051969.365,242224884.15582064,249276853.52102065,
683,SMITH,TX,48423,1533990,18231614,2173505564,1436729848.6972294,3610235412.8054295,536.75
684,SOMERSET,PA,42111,0,2170685,262832400.6,0,262832400.6,
685,SOMERVELL,TX,48425,3516,3060833,364901185.2,3293073.714965194,368194258.8928652,
686,ST BERNARD,LA,22087,361673,1586106,188904669.5,349614501.39954203,538519170.9,
687,ST CHARLES,LA,22089,1438622.867,4349096.879,517975916.06926244,1390657904.842517,1908633820.9117794,
688,ST CLAIR,MI,26147,4719,29396,3631356.9606000003,4545664.430701999,8177021.391301999,
689,ST HELENA,LA,22091,86522,53949,6425307.018,83637279.78060618,90062586.79845618,
690,ST JAMES,LA,22093,230967,38693,4608322.757,223266355.36727384,227874678.12472385,0
691,ST JOHN THE BAPTIST,LA,22095,26989,37477,4463497.5830500005,26089162.802510113,30552660.385560114,
692,ST LANDRY,LA,22097,230015,424043,50503372.884950005,222346095.89163598,272849468.8,0
693,ST MARTIN,LA,22099,4040145.064,19622055.41,2336979931,3905443044.287668,6242422975.700378,50.75
694,ST MARY,LA,22101,27451313,76827026.11,9150071920.420511,26536061875,35686133795.10071,143.25
695,STAFFORD,KS,20185,1168767.81,144145,17369393.22,1099066127.6211252,1116435520.841375,
696,STANTON,KS,20187,172975.88,6989695,842254403.2,162660135.72315657,1004914538.8909066,
697,STARK,ND,38089,2275218,5503461,686275257.7198501,2257490635.936369,2943765893.656219,229
698,STARK,OH,39151,137665.0002,2079478.001949142,259065944.3344284,132608369.26132941,391674313.59575784,22.5
699,STARR,TX,48427,574801,28422167,3388385587.7221003,538356673.6,3926742261.3386273,33.5
700,STEPHENS,OK,40137,6719765,61172829,7357020628.438351,6319019084.786371,13676039713.224722,168.25
701,STEPHENS,TX,48429,1734596,7130300,850047983.9,1624616750.1944728,2474664734.0844727,176.25
702,STERLING,TX,48431,738876,8139436,970353444,692028763.9984707,1662382208.0052707,79
703,STEVENS,KS,20189,301469.81,20760546,2501634374.6997004,283491086.7979641,2785125461.4976645,
704,STILLWATER,MT,30095,19845,40032,5005953.561600001,19186679.580270797,24192633.141870797,
705,STONEWALL,TX,48433,1439487,1843916,219824843,1348218658.3430326,1568043501.3738327,
706,SUBLETTE,WY,56035,4508129,811912936,101718157639.2456,4358580329.026284,106076737968.2719,290
707,SULLIVAN,PA,42113,0,140813495.6,17050078238.842813,0,17050078238.842813,0
708,SUMMERS,WV,54089,0,7499,950862.3265,0,950862.3265,
709,SUMMIT,OH,39153,69010.00002,1247915.999,155468120.56604815,66475164.751984164,221943285.31803232,54
710,SUMMIT,UT,49043,161842,842357,102387903.7,156473197.1091049,258861100.8092049,
711,SUMNER,KS,20191,456477.95,696621,83942447.36,429255022.7328127,513197470.0912627,13.25
712,SUSQUEHANNA,PA,42115,0,1632720435,197694198573.8064,0,197694198573.8064,25.75
713,SUTTON,TX,48435,61961,17548156,2092026230,58032463.15499386,2150058693.297794,122.75
714,SWEET GRASS,MT,30097,0,1835,229464.548,0,229464.548,
715,SWEETWATER,WY,56037,4479186,182821118,22904213587.387802,4330597458.424532,27234811045.812332,428.5
716,TANGIPAHOA,LA,22105,113082,60002,7146217.199,109311745.82361142,116457963.02291143,
717,TARRANT,TX,48439,10123,347341220,41408735086,9481167.581510996,41418216253.467514,2082.25
718,TAYLOR,TX,48441,430640,284793,33951967.73,403335968.31985533,437287936.0457553,180.75
719,TAYLOR,WV,54091,2734,25693658,3257918579,2641699.659278147,3260560278.255178,
720,TAZEWELL,VA,51185,0,6518275,797614260.9,0,797614260.9,
721,TENSAS,LA,22107,168635.8358,400069.5518,47648143.59027289,164491618.39945266,212139761.98972553,
722,TERREBONNE,LA,22109,183868380.6,202817393.8,24155480611.561882,177738045750.34558,201893526361.90747,279.5
723,TERRELL,TX,48443,80640,11198459,1335038848,75527151.41490139,1410565999.0966015,
724,TERRY,TX,48445,3787388,456544,54427486.47,3547254798.4000564,3601682284.867256,11.75
725,TETON,MT,30099,23985,3332,416662.6016,23189342.89406879,23606005.495668788,
726,TEXAS,OK,40139,1947234,18167139.96,2184891979.5003543,1831107011.7102168,4015998991.2105713,69
727,THOMAS,KS,20193,615067.65,0,0,578386925.6,578386925.6,
728,THROCKMORTON,TX,48447,634088,2525204,301045477.6,593884677.4103669,894930155.0355668,15.5
729,TILLMAN,OK,40141,58555,0,0,55062961.65262713,55062961.65262713,
730,TIOGA,PA,42117,0,338351065.2,40968460523.50287,0,40968460523.50287,55.25
731,TITUS,TX,48449,307456,952,113493.9176,287962250.3152272,288075744.2328272,
732,TOM GREEN,TX,48451,1106318,12671094,1510600944,1036173699.1447281,2546774642.776928,59.25
733,TOOLE,MT,30101,118286,1653809,206806830.9,114362085.20191039,321168916.0811104,52.75
734,TRAVIS,TX,48453,4216,0,0,3948691.348775102,3948691.348775102,737
735,TREGO,KS,20195,807089.58,0,0,758957264.0043538,758957264.0043538,
736,TRINITY,TX,48455,15583,66337,7908451.693100001,14594985.125228276,22503436.818328276,
737,TRUMBULL,OH,39155,41474.00002,3751977.000798414,467429549.1088682,39950601.12559169,507380150.2344599,
738,TUCKER,WV,54093,0,110682,14034317.111100001,0,14034317.111100001,
739,TULSA,OK,40143,164271,212375,25541523.61,154474387.73185402,180015911.3,3087.25
740,TUSCALOOSA,AL,01125,3,31428038,3779729132,2926.2751470192434,3779732058.588847,81.75
741,TUSCARAWAS,OH,39157,66573.00009,2524165.998519196,314466153.26071817,64127679.290933825,378593832.6,256.75
742,TUSCOLA,MI,26157,16409,0,0,15806274.13506868,15806274.13506868,
743,TYLER,TX,48457,1192569,8052371,959973876.8,1144835899.0527267,2104809775.9000268,
744,TYLER,WV,54095,3757188,597560316,75769781606,3630344645,79400126251,
745,UINTA,WY,56041,271119,14846841,1860043419,262125138.88251138,2122168557.7286115,46.75
746,UINTAH,UT,49047,9184399,146852994,17849878623.604202,8879723897.725348,26729602521.32955,170.25
747,UNION,AR,05139,276936,3425260,406748597.4,270130311.3716404,676878908.7936404,99
748,UNION,LA,22111,127522,323205488,38493660499,124388153.09939599,38618048652,5.5
749,UNION,NM,35059,0,31698266,3801135605.3092003,0,3801135605.3092003,
750,UPSHUR,TX,48459,208415,20028491,2387722592,195200784.50070277,2582923376.104003,31.5
751,UPSHUR,WV,54097,6637,9938495,1260186755,6412933.664458325,1266599688.8467083,40
752,UPTON,TX,48461,104720606.6,360191794.4,42940733014.436935,98080966162.15472,141021699176.59167,270.75
753,VAL VERDE,TX,48465,547,2825831,336885116.2,512318.3509914566,337397434.5962914,
754,VALLEY,MT,30105,20647,587781,73501308.71,19962074.743958235,93463383.45675823,
755,VAN BUREN,AR,05141,0,61515308,7304924370,0,7304924370,
756,VAN ZANDT,TX,48467,528827,1882988,224482862.3,495297580.6211316,719780442.9255316,16.25
757,VENANGO,PA,42121,136.0000600000001,0,0,131408.67306649886,131408.67306649886,21.666666666666668
758,VERMILION,LA,22113,3830581.938,30011354.571429998,3574341825.483213,3702866938.226393,7277208763.709606,
759,VERNON,LA,22115,148202,785753,93582907.29,143260813.87445268,236843721.16090268,
760,VICTORIA,TX,48469,1244524,3847870,458728824.3,1194711377.230748,1653440201.5117478,222
761,VINTON,OH,39163,10254.00002,61555.99989,7668781.889508417,9877356.037520202,17546137.92702862,
762,WABAUNSEE,KS,20197,26794.54,0,0,25196596.849454083,25196596.849454083,
763,WAGONER,OK,40145,5843,2373,285391.57395000005,5494541.626441812,5779933.200391812,
764,WALKER,AL,01127,0,1718020,206619651,0,206619651,
765,WALKER,TX,48471,91812,1627871,194068757.49730003,85990808.85050751,280059566.3478075,9.75
766,WALLACE,KS,20199,105361.04000000001,0,0,99077634.79123753,99077634.79123753,
767,WALLER,TX,48473,140824,901580,107483031.75400001,135187457.20222577,242670488.95622578,
768,WARD,ND,38101,15451,7843,978013.0806,15330613.513014063,16308626.593564063,244.5
769,WARD,TX,48475,67909561,180050253,21464924977,63603865279.842285,85068790257,235.25
770,WARREN,PA,42123,14.630000060000004,211.33000100000015,25588.407112082725,14136.088578544728,39724.49569062745,103
771,WASHAKIE,WY,56043,346456,908553,113825427.8,334962976.0978735,448788403.8991735,0
772,WASHINGTON,AL,01129,12569,46783,5626411.295,12260117.440961624,17886528.736411624,
773,WASHINGTON,CO,08121,299339,618064,77648647.35,289408993.6446803,367057640.9958803,0
774,WASHINGTON,LA,22117,0,73,8694.27445,0,8694.27445,
775,WASHINGTON,OH,39167,54024.000001771004,3038344.993323055,378523703.6271715,52039621.78688179,430563325.4140533,70.25
776,WASHINGTON,OK,40147,176070,632438,76060883.37370001,165569732.01567858,241630615.3893786,2542.5
777,WASHINGTON,PA,42125,355.23,1195490056,144753163744.3007,343237.3701409569,144753506981.67084,1517.5
778,WASHINGTON,TX,48477,2678027,59439871,7086201493.097301,2508231035.7414947,9594432528.838795,28.75
779,WASHITA,OK,40149,308303,26247108,3156638628,289916766.56801134,3446555394.362211,
780,WASHTENAW,MI,26161,106764,0,0,102842406.71317402,102842406.71317402,
781,WAYNE,MI,26163,47566,26549,3279660.36,45818833.293234006,49098493.65338401,
782,WAYNE,OH,39169,127351,1068102.999639171,133066621.52164714,122673216.97546917,255739838.49711633,37.75
783,WAYNE,WV,54099,10974,2428158,307886913.6,10603515.750153031,318490429.3,
784,WEBSTER,LA,22119,1495520.25,98958941.99994001,11785975356.563154,1458767912.8878477,13244743269.451002,41.25
785,WEBSTER,WV,54101,0,4737,600644.7314,0,600644.7314,
786,WELD,CO,08123,146337736,1021046721,128276192705.00806,141483257804.69937,269759450509.70743,1432.5
787,WEST BATON ROUGE,LA,22121,136223,1571345,187146639.5,131681204.35904758,318827843.88829756,
788,WEST FELICIANA,LA,22125,11291,6821,812378.7126500001,10914548.045616426,11726926.758266427,
789,WESTMORELAND,PA,42129,4.440891999999999e-16,57866872.19,7006677125.320053,4.2909666727472737e-13,7006677125.320053,59.25
790,WESTON,WY,56045,458756,1079767,135275477.3,443537635.5518625,578813112.8225625,14.75
791,WETZEL,WV,54103,567926,196934780,24971044549,548752714.2264817,25519797262.795483,80
792,WEXFORD,MI,26165,506,0,0,487413.9016603542,487413.9016603542,0
793,WHARTON,TX,48481,1340316,9051236,1079054866,1286669260.1222694,2365724126.4690695,30.75
794,WHEELER,TX,48483,2523471,76036991,9064848730.153301,2363474408.5827456,11428323138.736046,23
795,WHITE,AR,05145,0,51979027,6172493862.541901,0,6172493862.541901,
796,WIBAUX,MT,30109,327782,194632,24338498.04,316908450.80273736,341246948.84433734,0
797,WICHITA,KS,20203,162476.94,18615,2243097.262,152787319.9,155030417.16024202,
798,WICHITA,TX,48485,1414883,356426,42491788.94,1325174635.111234,1367666424.055034,332.25
799,WILBARGER,TX,48487,745329,288573,34402605.34,698072621.9855783,732475227.3254783,17.75
800,WILLACY,TX,48489,242846,3017741,359763916.4,233125981.59214142,592889897.9704415,
801,WILLIAMS,ND,38105,67918545,176838732,22051586516,67389357567,89440944082.43991,795
802,WILLIAMSON,TX,48491,15359,0,0,14385187.482409105,14385187.482409105,
803,WILSON,KS,20205,188570.75999999998,3921274,472511360.3,177324985.51253957,649836345.8118396,12
804,WILSON,TX,48493,2125501,1117400,133212293.6,1990737051.8294184,2123949345.4494185,2.5
805,WINKLER,TX,48495,26022895,67272177,8019940035,24372955492.54812,32392895527.43322,228
806,WINN,LA,22127,207610.4117,0,0,202508396.00671437,202508396.00671437,
807,WIRT,WV,54105,8880,263641,33429296.52,8580209.573661283,42009506.09421128,3.5
808,WISE,TX,48497,453470,163715312,19517533750,424718469.1482556,19942252219.133854,167
809,WISE,VA,51195,0,304156,37218307.47,0,37218307.47,
810,WOOD,OH,39173,66.9999997,0,0,64538.99459490032,64538.99459490032,
811,WOOD,TX,48499,3613924,58797331,7009600252,3384789002.355482,10394389254.050781,68
812,WOOD,WV,54107,6556,112667,14286012.23,6334668.239293172,20620680.472143173,12.5
813,WOODS,OK,40151,1620459,21201427.72,2549814086.387678,1523819857.854231,4073633944.241909,199
814,WOODSON,KS,20207,1168277.88,608,73263.6656,1098605415.5247633,1098678679.1903634,41.5
815,WOODWARD,OK,40153,149611,7809411,939207794.7,140688664.6027017,1079896459.3403518,44.75
816,WYANDOT,OH,39175,431,0,0,415168.7581336218,415168.7581336218,
817,WYOMING,PA,42131,0,340781767.1,41262776465.185036,0,41262776465.185036,
818,WYOMING,WV,54109,4,4920901,623963111.4935501,3864.959267414992,623966976.4528174,278
819,YELL,AR,05149,0,888503,105509464.7,0,105509464.7,
820,YELLOWSTONE,MT,30111,6964,98,12254.7824,6732982.443789661,6745237.226189661,83.5
821,YOAKUM,TX,48501,32310831,43840673,5226522824.5699005,30262215095.216885,35488737919.78679,265.25
822,YOUNG,TX,48503,875502,1894864,225898675.1,819992213.7654885,1045890888.8486885,214.25
823,YUMA,CO,08125,0,14369907,1805320875,0,1805320875,44.25
824,ZAVALA,TX,48507,8298601,6842422,815728233.9,7772441645,8588169879,
