,FIPS,County,FIPSTATE,State,NERC,sector,Emp,rho_eff_min,rho_eff_max,rho_eff_avg,burden_min,burden_max,burden_avg,tonCO2e_eff_min,tonCO2e_eff_max,tonCO2e_eff_avg,tonCO2e_eff_min_emp,burden_min_emp,tonCO2e_eff_max_emp,burden_max_emp,tonCO2e_eff_avg_emp,burden_avg_emp,tonCO2e_eff_min_log10,tonCO2e_eff_percapita_min,tonCO2e_eff_percapita_min_log10,lbCO2e_eff_percapita_min,lbCO2e_eff_percapita_min_log10,tonCO2e_eff_peremp_min,tonCO2e_eff_peremp_min_log10,burden_min_log10,burden_percapita_min,burden_percapita_min_log10,burden_peremp_min,burden_peremp_min_log10,tonCO2e_eff_max_log10,tonCO2e_eff_percapita_max,tonCO2e_eff_percapita_max_log10,lbCO2e_eff_percapita_max,lbCO2e_eff_percapita_max_log10,tonCO2e_eff_peremp_max,tonCO2e_eff_peremp_max_log10,burden_max_log10,burden_percapita_max,burden_percapita_max_log10,burden_peremp_max,burden_peremp_max_log10,tonCO2e_eff_avg_log10,tonCO2e_eff_percapita_avg,tonCO2e_eff_percapita_avg_log10,lbCO2e_eff_percapita_avg,lbCO2e_eff_percapita_avg_log10,tonCO2e_eff_peremp_avg,tonCO2e_eff_peremp_avg_log10,burden_avg_log10,burden_percapita_avg,burden_percapita_avg_log10,burden_peremp_avg,burden_peremp_avg_log10,tonneCO2e_eff_peremp_avg,tonneCO2e_eff_peremp_avg_log10,ECF_std_dev,NAME,POP,MIG_EU,MIG_EU_N,MIG_EU_W,MIG_EU_S,MIG_EU_E,MIG_AS,MIG_AS_E,MIG_AS_SC,MIG_AS_SE,MIG_AS_W,MIG_AFR,MIG_AFR_E,MIG_AFR_M,MIG_AFR_N,MIG_AFR_S,MIG_AFR_W,MIG_OC,MIG_LA,MIG_LA_CAR,MIG_LA_CAM,MIG_LA_CAM_MX,MIG_LA_SAM,MIG_NA,MIG_WHITE_NOLATIN,ED_LESSHS,ED_HS,ED_SOMECOLLEGE,ED_BACH,ED_GRAD,MIG_TOT,POV_TOT,POV_MIG,HH_INC_TOT,HH_INC_BELOW_10000,HH_INC_10000_TO_14999,HH_INC_15000_TO_19999,HH_INC_20000_TO_24999,HH_INC_25000_TO_29999,HH_INC_30000_TO_34999,HH_INC_35000_TO_39999,HH_INC_40000_TO_44999,HH_INC_45000_TO_49999,HH_INC_50000_TO_59999,HH_INC_60000_TO_74999,HH_INC_75000_TO_99999,HH_INC_100000_TO_124999,HH_INC_125000_TO_149999,HH_INC_150000_TO_199999,HH_INC_ABOVE_200000,HH_INC_MEDIAN,LBR,EMP,UNEMP,INC_IND_TOT,INC_IND_AG,INC_IND_MN,INC_IND_CN,INC_IND_MF,INC_IND_WHOLESALE,INC_IND_RETAIL,INC_IND_TRANSPORT,INC_IND_UTILITIES,INC_IND_IT,INC_IND_FINANCE,INC_IND_REALESTATE,INC_IND_PROFSERVICES,INC_IND_MNGMNT,INC_IND_ADMIN,INC_IND_ED,INC_IND_HEALTH,INC_IND_ART,INC_IND_ACCOM,INC_IND_OTHER,INC_IND_PUBLIC,EMP_IND_TOT,EMP_IND_AG,EMP_IND_MN,EMP_IND_CN,EMP_IND_MF,EMP_IND_WHOLESALE,EMP_IND_RETAIL,EMP_IND_TRANSPORT,EMP_IND_UTILITIES,EMP_IND_IT,EMP_IND_FINANCE,EMP_IND_REALESTATE,EMP_IND_PROFSERVICES,EMP_IND_MNGMNT,EMP_IND_ADMIN,EMP_IND_ED,EMP_IND_HEALTH,EMP_IND_ART,EMP_IND_ACCOM,EMP_IND_OTHER,EMP_IND_PUBLIC,RACE_WHITE,RACE_BLACK,RACE_NATAMERICAN,RACE_ASIAN,RACE_HAWAII_PACISLAND,RACE_OTHER,ETHN_LATIN,ETHN_NOLATIN,RACE_NOLATIN_WHITE,RACE_PERCENT_MINORITY,RACE_PERCENT_MINORITY_log10,ED_PERCENT_HSORLESS,ED_PERCENT_TERTIARY,UNEMP_RATE,POV_RATE,MIG_PERCENT,MIG_TOT_log10,MIG_PERCENT_log10,land_area_sq_mi,pop_per_sqmi,pop_per_sqmi_log10,POP_log10
3141,02013,aleutians east,02,AK,ASCC,cn,,0.3815946559685759,0.7576974398211838,0.5696460478948799,39277.3972962869,77989.51821979084,58633.45775803887,187.5363043650769,372.37360499788167,279.9549546814793,0.0,0.0,0.0,0.0,0.0,0.0,2.2730853534461937,0.0533531449118284,-1.272839975909649,106.70628982365685,2.0281900197543323,,,4.594142701688472,11.17422398187394,1.0482173723326285,,,2.57097888925336,0.1059384366992551,-0.9749464401024832,211.87687339851016,2.3260835555614983,,,4.892036237495637,22.18762965001162,1.3461109081397942,,,2.447088158102782,0.0796457908055417,-1.098837171253061,159.29158161108353,2.20219282441092,,,4.768145506345059,16.68092681594278,1.2222201769892165,,,,,,"Aleutians East Borough, Alaska",3389.0,60.0,4.0,0.0,0.0,56.0,625.0,5.0,0.0,620.0,0.0,69.0,43.0,5.0,19.0,0.0,2.0,7.0,180.0,71.0,105.0,100.0,4.0,0.0,60.0,354.0,1077.0,777.0,277.0,161.0,884.0,412.0,107.0,988.0,33.0,31.0,42.0,54.0,34.0,43.0,31.0,26.0,44.0,72.0,78.0,120.0,193.0,91.0,53.0,43.0,75833.0,2414.0,2328.0,86.0,34438.0,58929.0,,66667.0,32176.0,,28750.0,52679.0,43558.0,,,29375.0,10750.0,,43750.0,50625.0,35417.0,18304.0,22083.0,33750.0,35039.0,2328.0,229.0,0.0,30.0,1103.0,0.0,78.0,77.0,40.0,9.0,5.0,31.0,15.0,0.0,28.0,133.0,119.0,23.0,59.0,24.0,325.0,831.0,168.0,1634.0,887.0,13.0,264.0,296.0,3093.0,450.0,86.72174682797285,1.9381280172352342,42.224845087046326,35.8512835644733,2.537621717320744,12.156978459722632,0.2608439067571555,2.946452265013073,-0.5836193038243052,6981.94,0.48539517669873994,-0.31390454350373237,3.530071568837378
3163,02282,yakutat,02,AK,ASCC,cn,,0.4527511686764154,0.7816154602288975,0.6171833144526564,6562.686465610477,11329.61670127058,8946.15158344053,31.334611027896337,54.09509265599935,42.71485184194784,0.0,0.0,0.0,0.0,0.0,0.0,1.4960243079561517,0.0518784950792985,-1.28501263066498,103.75699015859716,2.016017364999001,,,3.817081656198429,10.865374943063705,1.036044717577297,,,1.7331578690051488,0.0895614116821181,-1.047879069615983,179.12282336423627,2.253150926047998,,,4.054215217247426,18.757643545149968,1.2731782786262942,,,1.6305789043350316,0.0707199533807083,-1.1504580342861004,141.4399067614167,2.150571961377881,,,3.951636252577309,14.81150924410684,1.170599313956177,,,,,,"Yakutat City and Borough, Alaska",597.0,0.0,0.0,0.0,0.0,0.0,32.0,3.0,0.0,29.0,0.0,0.0,0.0,0.0,0.0,0.0,0.0,0.0,18.0,0.0,18.0,18.0,0.0,10.0,10.0,24.0,178.0,149.0,66.0,11.0,39.0,40.0,9.0,221.0,6.0,3.0,9.0,5.0,7.0,5.0,3.0,8.0,13.0,60.0,21.0,31.0,27.0,9.0,12.0,2.0,59517.0,327.0,300.0,27.0,33750.0,26875.0,,26250.0,50313.0,11250.0,36250.0,73750.0,,,,,,,,31250.0,38750.0,50000.0,22500.0,26250.0,52750.0,300.0,34.0,10.0,8.0,15.0,11.0,27.0,27.0,1.0,1.0,0.0,1.0,0.0,0.0,3.0,46.0,4.0,4.0,12.0,4.0,92.0,328.0,35.0,225.0,60.0,46.0,16.0,93.0,504.0,193.0,67.67169179229481,1.830407033981236,33.835845896147404,37.85594639865997,4.522613065326634,6.700167504187604,0.06532663316582915,1.591064607026499,-1.1849097241028699,7649.46,0.07804472472566691,-1.1076564468611427,2.775974331129369
3456,13003,atkinson,13,GA,SERC,cn,,0.4780389620905546,0.8057852532743717,0.641912107682463,49058.09011959994,82692.6018735071,65875.34599655351,234.23580872321207,394.82924076428543,314.5325247437487,0.0,0.0,0.0,0.0,0.0,0.0,2.369653288439661,0.0282313858892626,-1.5492678016516743,56.46277177852527,1.7517621940123065,,,4.690710636681938,5.912750406122687,0.7717895465906026,,,2.59640930871979,0.0475869881600922,-1.3225117813715457,95.17397632018452,1.978518214292436,,,4.917466656962068,9.966566454562743,0.9985455668707318,,,2.497665561025754,0.0379091870246774,-1.421255529065582,75.81837404935487,1.8797744665983995,,,4.818722909268031,7.939658430342716,0.8998018191766954,,,,,,"Atkinson County, Georgia",8311.0,0.0,0.0,0.0,0.0,0.0,0.0,0.0,0.0,0.0,0.0,0.0,0.0,0.0,0.0,0.0,0.0,0.0,1085.0,0.0,1085.0,914.0,0.0,0.0,3.0,1704.0,1805.0,1123.0,300.0,346.0,962.0,2331.0,328.0,2953.0,226.0,159.0,229.0,237.0,433.0,179.0,132.0,115.0,131.0,296.0,194.0,244.0,120.0,70.0,127.0,61.0,35703.0,3714.0,3475.0,239.0,29681.0,26579.0,,27236.0,27688.0,35769.0,26406.0,30944.0,20625.0,,69091.0,,60313.0,,20357.0,45625.0,40852.0,,8377.0,31150.0,35714.0,3475.0,246.0,0.0,347.0,747.0,52.0,288.0,274.0,17.0,12.0,158.0,15.0,35.0,0.0,110.0,337.0,286.0,2.0,298.0,125.0,126.0,6241.0,1474.0,64.0,0.0,0.0,916.0,2157.0,6154.0,4636.0,44.21850559499458,1.6456040611098495,42.221152689207074,21.285043917699433,2.875706894477199,28.047166405967992,0.11575021056431235,2.983175072037813,-0.9364782102725513,339.38,24.488773646060462,1.38896703697917,3.9196532823103643
3570,13239,quitman,13,GA,SERC,cn,,0.4403341362341142,0.7896563892349189,0.6149952627345165,16940.743065182865,30380.03393108817,23660.38849813552,80.88632563092561,145.05439978479723,112.97036270786144,0.0,0.0,0.0,0.0,0.0,0.0,1.907875107459086,0.0354920252878129,-1.4498692177212895,70.98405057562582,1.851160777942692,,,4.228932455701363,7.4334107350517185,0.8711881305209878,,,2.161530906342954,0.0636482666892484,-1.1962134188374216,127.29653337849696,2.10481657682656,,,4.482588254585231,13.33042296230284,1.1248439294048558,,,2.052964523123653,0.0495701459885306,-1.3047798020567225,99.14029197706137,1.9962501936072587,,,4.3740218713659305,10.381916848677278,1.0162775461855549,,,,,,"Quitman County, Georgia",2290.0,5.0,0.0,5.0,0.0,0.0,79.0,0.0,79.0,0.0,0.0,3.0,0.0,0.0,0.0,0.0,3.0,0.0,19.0,6.0,0.0,0.0,13.0,12.0,5.0,514.0,590.0,465.0,117.0,86.0,118.0,328.0,0.0,958.0,90.0,64.0,52.0,108.0,126.0,47.0,38.0,93.0,38.0,88.0,73.0,55.0,17.0,9.0,33.0,27.0,34394.0,893.0,702.0,191.0,31337.0,,,38393.0,40042.0,,22111.0,20795.0,,,40669.0,,,,,18846.0,30268.0,,,,36250.0,702.0,0.0,18.0,21.0,143.0,0.0,128.0,55.0,0.0,0.0,63.0,0.0,12.0,0.0,0.0,24.0,95.0,8.0,31.0,8.0,96.0,1057.0,1121.0,43.0,145.0,12.0,0.0,29.0,2261.0,963.0,57.94759825327511,1.7630354405245476,48.20960698689956,29.170305676855897,8.340611353711791,14.323144104803493,0.05152838427947598,2.0718820073061255,-1.2879534750337627,151.24,15.141496958476592,1.18016881364939,3.359835482339888
3580,13259,stewart,13,GA,SERC,cn,,0.500651150425941,0.8154579915250285,0.6580545709754847,32117.347054417078,52312.56794241892,42214.95749841799,153.34948309228645,249.77484097948815,201.5621620358873,0.0,0.0,0.0,0.0,0.0,0.0,2.1856823164088466,0.0247377775596525,-1.606639319942727,49.4755551193052,1.6943906757212543,,,4.506739664651124,5.181052920538325,0.7144180282995505,,,2.3975486911475974,0.0402927635069347,-1.394772945203976,80.5855270138694,1.906257050460005,,,4.718606039389875,8.438872066852543,0.926284403038301,,,2.3044090081239954,0.0325152705332936,-1.487912628227578,65.03054106658729,1.8131173674364032,,,4.625466356366273,6.8099624936954335,0.8331447200146992,,,,,,"Stewart County, Georgia",6446.0,18.0,0.0,0.0,0.0,18.0,172.0,78.0,53.0,33.0,8.0,332.0,106.0,54.0,0.0,0.0,155.0,0.0,1301.0,352.0,831.0,340.0,118.0,2.0,45.0,1394.0,1825.0,1184.0,416.0,278.0,1486.0,1187.0,0.0,1845.0,142.0,247.0,157.0,192.0,66.0,136.0,215.0,66.0,77.0,139.0,62.0,149.0,80.0,33.0,36.0,48.0,34028.0,1883.0,1710.0,173.0,23818.0,50066.0,,31875.0,19688.0,,20513.0,12134.0,,,75121.0,,,,23661.0,24409.0,14514.0,4625.0,15699.0,23571.0,42841.0,1710.0,95.0,10.0,109.0,200.0,0.0,142.0,239.0,0.0,0.0,59.0,0.0,1.0,0.0,46.0,274.0,171.0,40.0,63.0,118.0,143.0,1587.0,3699.0,51.0,198.0,0.0,984.0,1017.0,5429.0,1459.0,77.36580825318026,1.8885490670420473,49.937946013031336,29.134346881787152,2.683834936394663,18.41452063295067,0.23053056158858207,3.1720188094245563,-0.6372714917517592,458.73,14.05183877226255,1.1477331581482828,3.8092903011763157
3583,13265,taliaferro,13,GA,SERC,cn,,0.4403341362341142,0.7896563892349189,0.6149952627345165,16940.743065182865,30380.03393108817,23660.38849813552,80.88632563092561,145.05439978479723,112.97036270786144,0.0,0.0,0.0,0.0,0.0,0.0,1.907875107459086,0.0503024413127646,-1.2984109369533463,100.60488262552936,2.0026190587106347,,,4.228932455701363,10.53528797585999,1.0226464112889309,,,2.161530906342954,0.0902079600651724,-1.0447551380694784,180.4159201303449,2.256274857594503,,,4.482588254585231,18.89305592729364,1.2763022101727988,,,2.052964523123653,0.0702552006889685,-1.1533215212887793,140.51040137793711,2.147708474375202,,,4.3740218713659305,14.714171951576816,1.167735826953498,,,,,,"Taliaferro County, Georgia",1596.0,0.0,0.0,0.0,0.0,0.0,0.0,0.0,0.0,0.0,0.0,0.0,0.0,0.0,0.0,0.0,0.0,0.0,56.0,10.0,46.0,46.0,0.0,0.0,0.0,278.0,631.0,274.0,51.0,21.0,56.0,394.0,19.0,662.0,64.0,73.0,41.0,57.0,33.0,29.0,55.0,86.0,35.0,60.0,49.0,36.0,8.0,30.0,2.0,4.0,37717.0,689.0,660.0,29.0,26529.0,57500.0,,43281.0,27045.0,,15957.0,41019.0,,,,,,,16845.0,32500.0,23750.0,,16175.0,15893.0,31938.0,660.0,10.0,3.0,29.0,166.0,9.0,72.0,50.0,5.0,5.0,11.0,4.0,12.0,0.0,53.0,30.0,16.0,0.0,95.0,21.0,69.0,601.0,934.0,0.0,0.0,8.0,53.0,70.0,1526.0,582.0,63.53383458646616,1.8030050679826066,56.954887218045116,21.67919799498747,1.8170426065162906,24.686716791979947,0.03508771929824561,1.7481880270062005,-1.4548448600085102,194.61,8.201017419454292,0.9138677343648214,3.2030328870147105
3604,13307,webster,13,GA,SERC,cn,,0.4841012881232967,0.8023139408868614,0.6432076145050791,62377.86083638923,103380.48788457092,82879.17436048007,297.833214538413,493.6069081940887,395.7200613662509,0.0,0.0,0.0,0.0,0.0,0.0,2.47397312889764,0.1140686382759146,-0.9428337429253042,228.1372765518292,2.358196252738677,,,4.7950304771399175,23.89041012500545,1.378223605316973,,,2.693381229164525,0.1890489882014893,-0.7234256426584192,378.0979764029787,2.577604353005562,,,5.0144385774068025,39.594212135032905,1.597631705583858,,,2.597388067753553,0.151558813238702,-0.8194188040693917,303.117626477404,2.481611191594589,,,4.91844541599583,31.74231113001918,1.5016385441728854,,,,,,"Webster County, Georgia",2587.0,16.0,0.0,16.0,0.0,0.0,0.0,0.0,0.0,0.0,0.0,0.0,0.0,0.0,0.0,0.0,0.0,0.0,120.0,0.0,120.0,70.0,0.0,0.0,16.0,378.0,597.0,673.0,108.0,95.0,116.0,637.0,105.0,1115.0,121.0,149.0,52.0,148.0,66.0,40.0,75.0,36.0,49.0,25.0,81.0,135.0,57.0,6.0,63.0,12.0,31629.0,1002.0,939.0,63.0,35392.0,23125.0,,33611.0,42045.0,35403.0,42857.0,55833.0,,,26750.0,,,,,43750.0,36518.0,,11821.0,33750.0,34500.0,939.0,70.0,0.0,44.0,162.0,70.0,63.0,36.0,10.0,9.0,21.0,0.0,20.0,7.0,4.0,74.0,111.0,0.0,67.0,37.0,134.0,1430.0,879.0,32.0,0.0,0.0,281.0,322.0,2265.0,1372.0,46.965597216853496,1.6717798492177876,37.68844221105528,33.861615771163514,2.435253189022033,24.623115577889447,0.04483958252802474,2.0644579892269186,-1.348338439489625,209.12,12.37088752869166,1.0924008584800744,3.4127964287165433
3632,16033,clark,16,ID,WECC,cn,,0.42957934052032,0.782306053947161,0.6059426972337406,9617.674904534098,17514.727997858197,13566.201451196148,45.92114886267116,83.62690979497218,64.77402932882168,0.0,0.0,0.0,0.0,0.0,0.0,1.6620127447748727,0.0538980620453886,-1.2684268499918274,107.79612409077735,2.032603145672154,,,3.98307009301715,11.288350826917956,1.0526304982504495,,,1.9223460489097772,0.0981536499940988,-1.008093545856923,196.3072999881976,2.292936449807059,,,4.243403397152055,20.55719248574906,1.3129638023853547,,,1.8114009135869231,0.0760258560197437,-1.119038681179777,152.05171203948754,2.1819913144842045,,,4.132458261829201,15.922771656333508,1.2020186670625002,,,,,,"Clark County, Idaho",885.0,0.0,0.0,0.0,0.0,0.0,0.0,0.0,0.0,0.0,0.0,7.0,7.0,0.0,0.0,0.0,0.0,0.0,219.0,0.0,219.0,202.0,0.0,4.0,4.0,202.0,176.0,92.0,68.0,26.0,215.0,87.0,29.0,332.0,2.0,9.0,5.0,15.0,98.0,33.0,19.0,6.0,20.0,54.0,13.0,30.0,15.0,2.0,11.0,0.0,36429.0,353.0,341.0,12.0,29861.0,32974.0,,41667.0,16442.0,,38594.0,,,,,,,,,13438.0,,,,,16438.0,341.0,147.0,6.0,32.0,40.0,11.0,19.0,5.0,2.0,0.0,0.0,0.0,0.0,0.0,6.0,21.0,6.0,0.0,18.0,5.0,23.0,749.0,8.0,41.0,0.0,0.0,87.0,347.0,538.0,489.0,44.745762711864415,1.650751915227687,42.71186440677966,21.01694915254237,1.3559322033898304,9.830508474576272,0.24293785310734464,2.3324384599156054,-0.6145048107822201,1764.19,0.501646648036776,-0.29960208532926486,2.9469432706978256
3694,17069,hardin,17,IL,SERC,cn,,0.4979523277994432,0.8124363020029878,0.6551943149012155,28874.0449218152,47109.57449243179,37991.809707123495,137.86381098170014,224.93230480312775,181.398057892414,0.0,0.0,0.0,0.0,0.0,0.0,2.139450279565443,0.0352592866960869,-1.452726477830424,70.51857339217399,1.8483035178335567,,,4.46050762780772,7.384666220413094,0.8683308704118533,,,2.352051833337849,0.0575274436836643,-1.240124924058018,115.0548873673288,2.060905071605964,,,4.673109181580126,12.048484524918615,1.0809324241842595,,,2.258632633048647,0.0463933651898756,-1.33354412434722,92.78673037975138,1.967485871316761,,,4.579689981290924,9.716575372665856,0.9875132238950572,,,,,,"Hardin County, Illinois",3890.0,0.0,0.0,0.0,0.0,0.0,7.0,0.0,0.0,7.0,0.0,0.0,0.0,0.0,0.0,0.0,0.0,0.0,10.0,0.0,10.0,10.0,0.0,0.0,7.0,400.0,1088.0,1188.0,225.0,113.0,17.0,504.0,0.0,1515.0,133.0,70.0,67.0,91.0,94.0,66.0,75.0,57.0,94.0,180.0,194.0,145.0,115.0,55.0,46.0,33.0,50847.0,1518.0,1422.0,96.0,34082.0,47500.0,49632.0,19583.0,41607.0,,13811.0,45221.0,,,137500.0,,,,43472.0,41207.0,29649.0,,9000.0,53098.0,46458.0,1422.0,96.0,101.0,64.0,111.0,16.0,126.0,97.0,12.0,0.0,18.0,12.0,24.0,0.0,11.0,100.0,472.0,3.0,38.0,35.0,86.0,3783.0,110.0,13.0,0.0,0.0,0.0,30.0,3860.0,3737.0,3.933161953727504,0.5947418294918908,38.25192802056555,39.22879177377892,2.467866323907455,12.956298200514137,0.004370179948586119,1.2304489213782739,-2.3595006799474336,177.53,21.911789556694643,1.3406778482526067,3.5899496013257077
3977,20049,elk,20,KS,MRO,cn,,0.486558043772863,0.8042023477683825,0.6453801957706229,40401.95139502491,66777.94064272186,53589.94601887339,192.9056703173332,318.84210928687014,255.8738898021017,0.0,0.0,0.0,0.0,0.0,0.0,2.285344993591708,0.0769161364901647,-1.1139825385669708,153.8322729803295,2.18704745709701,,,4.606402341833985,16.109231018749963,1.2070748096753063,,,2.503575673524702,0.1271300276263437,-0.8957518586339769,254.26005525268752,2.4052781370300043,,,4.824633021766979,26.625973143031047,1.4253054896083004,,,2.4080259713369343,0.1020230820582542,-0.9913015608217448,204.0461641165085,2.3097284348422367,,,4.729083319579211,21.367602080890503,1.3297557874205326,,,,,,"Elk County, Kansas",2502.0,4.0,1.0,1.0,0.0,2.0,11.0,4.0,2.0,5.0,0.0,0.0,0.0,0.0,0.0,0.0,0.0,0.0,0.0,0.0,0.0,0.0,0.0,0.0,4.0,219.0,751.0,594.0,173.0,159.0,13.0,407.0,4.0,1150.0,98.0,71.0,83.0,73.0,54.0,71.0,85.0,78.0,23.0,75.0,137.0,128.0,111.0,27.0,12.0,24.0,42564.0,1008.0,948.0,60.0,25490.0,25455.0,46667.0,25179.0,36429.0,44688.0,23889.0,37344.0,101458.0,,47917.0,,56607.0,,20417.0,20227.0,20769.0,,10625.0,21316.0,31250.0,948.0,52.0,40.0,41.0,74.0,21.0,58.0,27.0,19.0,2.0,41.0,1.0,35.0,0.0,39.0,126.0,190.0,11.0,49.0,68.0,54.0,2428.0,26.0,116.0,16.0,0.0,21.0,113.0,2389.0,2227.0,10.991207034372497,1.0410453884728612,38.76898481215028,37.01039168665068,2.3980815347721824,16.266986410871304,0.005195843325339729,1.1139433523068367,-2.2843439530505645,644.27,3.883465006907042,0.5892193961712161,3.398287305357401
3996,20089,jewell,20,KS,MRO,cn,,0.4861716528702547,0.7954173496176244,0.6407945012439396,150027.74107929907,245457.8901790933,197742.81562919615,716.3317849706958,1171.9785110554596,944.1551480130776,0.0,0.0,0.0,0.0,0.0,0.0,2.8551142220383103,0.2521407198066511,-0.5983570116846257,504.2814396133022,2.7026729839793555,,,5.176171570280587,52.80807500151322,1.7227003365576516,,,3.068919648699483,0.412523235147997,-0.3845515850234528,825.0464702959941,2.9164784106405284,,,5.38997699694176,86.39841259383783,1.9365057632188245,,,2.975043365473452,0.332331977477324,-0.4784278682494839,664.6639549546481,2.822602127414497,,,5.296100713715729,69.60324379767553,1.8426294799927931,,,,,,"Jewell County, Kansas",2854.0,2.0,0.0,2.0,0.0,0.0,5.0,5.0,0.0,0.0,0.0,2.0,0.0,0.0,2.0,0.0,0.0,0.0,36.0,0.0,36.0,36.0,0.0,0.0,4.0,131.0,827.0,770.0,292.0,137.0,20.0,453.0,2.0,1386.0,91.0,86.0,147.0,138.0,89.0,99.0,72.0,58.0,73.0,73.0,127.0,175.0,82.0,17.0,30.0,29.0,38188.0,1247.0,1230.0,17.0,27011.0,40694.0,,30938.0,38750.0,27159.0,19250.0,21970.0,73750.0,4615.0,29688.0,,4950.0,,76250.0,25000.0,28958.0,10500.0,14583.0,14464.0,40729.0,1230.0,197.0,0.0,74.0,61.0,27.0,151.0,80.0,14.0,22.0,47.0,4.0,49.0,0.0,22.0,142.0,148.0,12.0,27.0,120.0,33.0,2794.0,17.0,38.0,12.0,8.0,86.0,69.0,2785.0,2680.0,6.096706377014716,0.7850952795039715,33.56692361597757,42.011212333566924,0.5956552207428172,15.872459705676246,0.00700770847932726,1.3010299956639813,-2.154423973114647,909.78,3.1370221372199873,0.4965175834215458,3.4554539687786283
4002,20101,lane,20,KS,MRO,cn,,0.474635617043093,0.7878269758417769,0.6312312964424349,110840.29641082154,183978.97752965195,147409.63697023675,529.2249740178236,878.4374704491474,703.8312222334855,0.0,0.0,0.0,0.0,0.0,0.0,2.723640330266438,0.3392467782165536,-0.4694842680880239,678.4935564331072,2.831545727575957,,,5.044697678508715,71.05147205821893,1.8515730801542531,,,2.943710852677762,0.5631009425956073,-0.2494137456766998,1126.2018851912146,3.051616249987281,,,5.264768200920039,117.93524200618717,2.0716436025655773,,,2.8474685284027754,0.4511738604060804,-0.3456560699516863,902.3477208121608,2.955373925712295,,,5.168525876645052,94.49335703220304,1.975401278290591,,,,,,"Lane County, Kansas",1523.0,0.0,0.0,0.0,0.0,0.0,32.0,12.0,12.0,8.0,0.0,0.0,0.0,0.0,0.0,0.0,0.0,0.0,30.0,0.0,27.0,27.0,3.0,3.0,11.0,44.0,360.0,422.0,137.0,107.0,65.0,188.0,11.0,737.0,81.0,63.0,34.0,42.0,42.0,31.0,56.0,37.0,18.0,28.0,81.0,98.0,66.0,24.0,7.0,29.0,41318.0,815.0,795.0,20.0,34125.0,39511.0,,18636.0,42500.0,31838.0,47250.0,45000.0,95125.0,,46250.0,,37313.0,,11667.0,22647.0,22125.0,,2499.0,70833.0,11667.0,795.0,197.0,0.0,50.0,6.0,25.0,53.0,60.0,19.0,1.0,32.0,0.0,45.0,0.0,6.0,88.0,109.0,8.0,58.0,18.0,20.0,1440.0,0.0,13.0,24.0,3.0,50.0,158.0,1365.0,1318.0,13.460275771503616,1.1290539577197118,26.526592252133945,43.729481286933684,1.3131976362442548,12.344057780695996,0.04267892317793828,1.8129133566428555,-1.369786546693187,717.46,2.122766426002843,0.3269022101439846,3.1826999033360424
4085,21057,cumberland,21,KY,SERC,cn,,0.4705745998551175,0.7969627278352251,0.6337686638451714,115009.95608196867,194780.27151383745,154895.11379790306,549.1336904556349,930.0100005960568,739.5718455258459,0.0,0.0,0.0,0.0,0.0,0.0,2.7396780893661377,0.0824648881897634,-1.0837309255264067,164.92977637952694,2.2172990701375745,,,5.060735437608416,17.271355471087052,1.237326422715871,,,2.968487618640313,0.1396621115176538,-0.8549213962522316,279.3242230353076,2.4461085994117497,,,5.28954496688259,29.250679007934743,1.4661359519900456,,,2.86898036981339,0.1110634998537086,-0.954428645079154,222.1269997074173,2.346601350584827,,,5.190037718055668,23.261017239510892,1.366628703163123,,,,,,"Cumberland County, Kentucky",6660.0,12.0,0.0,12.0,0.0,0.0,18.0,0.0,18.0,0.0,0.0,0.0,0.0,0.0,0.0,0.0,0.0,0.0,38.0,0.0,38.0,12.0,0.0,0.0,12.0,872.0,2104.0,1175.0,462.0,266.0,49.0,1429.0,0.0,2642.0,445.0,257.0,179.0,116.0,144.0,179.0,169.0,55.0,122.0,233.0,230.0,145.0,210.0,104.0,26.0,28.0,35030.0,2744.0,2628.0,116.0,27829.0,23791.0,42321.0,29978.0,30580.0,,13621.0,22109.0,,,29223.0,49375.0,25192.0,,55268.0,17358.0,29808.0,23125.0,18444.0,18576.0,50917.0,2628.0,111.0,32.0,201.0,620.0,19.0,322.0,55.0,48.0,19.0,123.0,16.0,98.0,0.0,82.0,234.0,378.0,45.0,79.0,121.0,25.0,6282.0,176.0,17.0,127.0,0.0,185.0,92.0,6568.0,6149.0,7.672672672672675,0.8849466709644118,44.68468468468468,28.573573573573576,1.7417417417417418,21.456456456456458,0.007357357357357357,1.6901960800285136,-2.1332781491417876,305.18,21.823186316272363,1.3389181604845983,3.823474229170301
4141,21169,metcalfe,21,KY,SERC,cn,,0.4602674313500056,0.7951714549809967,0.6277194431655011,30162.6771170204,52109.92178811009,41136.29945256525,144.0165944197587,248.8072740456052,196.41193423268192,0.0,0.0,0.0,0.0,0.0,0.0,2.1584125368848848,0.0143585836909031,-1.8428883961355336,28.71716738180632,1.4581415995284477,,,4.479469885127162,3.0072459737806976,0.4781689521067437,,,2.3958630730914825,0.0248063084791231,-1.6054378599289356,49.61261695824629,1.6955921357350456,,,4.71692042133376,5.195405960928224,0.7156194883133417,,,2.2931678725239166,0.0195824460850131,-1.7081330604965013,39.16489217002631,1.5928969351674798,,,4.614225220766194,4.1013259673544615,0.612924287745776,,,,,,"Metcalfe County, Kentucky",10062.0,0.0,0.0,0.0,0.0,0.0,22.0,9.0,0.0,13.0,0.0,0.0,0.0,0.0,0.0,0.0,0.0,0.0,32.0,0.0,0.0,0.0,32.0,0.0,0.0,1466.0,2812.0,1802.0,526.0,391.0,54.0,2209.0,9.0,4187.0,398.0,353.0,356.0,312.0,296.0,198.0,155.0,311.0,228.0,382.0,285.0,477.0,269.0,45.0,87.0,35.0,40391.0,4270.0,4138.0,132.0,30679.0,14833.0,,28750.0,36649.0,52000.0,23750.0,28967.0,,,39350.0,,23935.0,,15608.0,37031.0,28769.0,,13422.0,22813.0,36429.0,4138.0,162.0,13.0,253.0,1044.0,94.0,529.0,177.0,7.0,19.0,143.0,28.0,109.0,0.0,180.0,325.0,488.0,30.0,217.0,112.0,208.0,9779.0,253.0,103.0,27.0,7.0,104.0,145.0,9917.0,9534.0,5.247465712581989,0.7199496095440827,42.51639833035182,27.022460743390976,1.311866428145498,21.95388590737428,0.005366726296958855,1.7323937598229686,-2.270290553166761,289.65,34.738477472812015,1.5408107801546533,4.00268431298973
4175,21237,wolfe,21,KY,SERC,cn,,0.4755418666947755,0.802081076224133,0.6388114714594542,94948.03798285552,160145.7827887508,127546.91038580316,453.344808356306,764.6420163052367,608.9934123307712,0.0,0.0,0.0,0.0,0.0,0.0,2.6564286466125067,0.0631663380738896,-1.1995142996198094,126.3326761477793,2.101515696044172,,,4.977485994854784,13.229488363223563,1.121543048622468,,,2.883458158381107,0.1065406181280809,-0.9724847878512088,213.08123625616184,2.3285452078127724,,,5.204515506623385,22.31374986606532,1.3485725603910683,,,2.7846125947611697,0.0848534781009852,-1.0713303514711463,169.7069562019705,2.2296996441928347,,,5.105669943003447,17.771619114644444,1.249726996771131,,,,,,"Wolfe County, Kentucky",7188.0,0.0,0.0,0.0,0.0,0.0,47.0,0.0,0.0,47.0,0.0,0.0,0.0,0.0,0.0,0.0,0.0,0.0,0.0,0.0,0.0,0.0,0.0,0.0,0.0,1642.0,1646.0,1516.0,140.0,197.0,47.0,2533.0,0.0,2991.0,631.0,353.0,352.0,277.0,147.0,195.0,93.0,135.0,142.0,309.0,108.0,58.0,58.0,95.0,31.0,7.0,22292.0,1982.0,1478.0,504.0,20494.0,,,30045.0,24125.0,,13281.0,98244.0,,,,,,,4403.0,37083.0,27115.0,,20781.0,16232.0,22083.0,1478.0,14.0,14.0,151.0,201.0,9.0,223.0,117.0,0.0,10.0,0.0,17.0,0.0,0.0,102.0,187.0,172.0,0.0,53.0,118.0,90.0,7095.0,40.0,80.0,47.0,37.0,2.0,2.0,7186.0,7019.0,2.3511407902058967,0.37127863617673695,45.742904841402336,25.779076238174735,7.0116861435726205,35.2392877017251,0.0065386755703951025,1.6720978579357175,-2.1845102105012186,222.17,32.35360309672773,1.5099226534093626,3.856608068436936
4495,28063,jefferson,28,MS,SERC,cn,,0.4735127604012904,0.8009467391255788,0.6372297497634346,32343.34900035216,54708.768338742346,43526.05866954725,154.42856604170552,261.21588844642685,207.8222272440662,0.0,0.0,0.0,0.0,0.0,0.0,2.1887276387897443,0.0217321370731361,-1.6628975643635648,43.46427414627231,1.6381324313004164,,,4.509784987032021,4.551554883246856,0.6581597838787124,,,2.416999589351699,0.0367599054948532,-1.4346256138016098,73.5198109897064,1.8664043818623717,,,4.738056937593977,7.69895417094601,0.8864317344406675,,,2.31769199487279,0.0292460212839946,-1.5339332082805193,58.49204256798936,1.767096787383462,,,4.638749343115067,6.125254527096433,0.787124139961758,,,,,,"Jefferson County, Mississippi",7129.0,0.0,0.0,0.0,0.0,0.0,41.0,0.0,7.0,34.0,0.0,0.0,0.0,0.0,0.0,0.0,0.0,0.0,70.0,15.0,55.0,34.0,0.0,0.0,0.0,952.0,1601.0,1371.0,433.0,491.0,108.0,1848.0,49.0,2543.0,422.0,257.0,292.0,164.0,158.0,82.0,159.0,46.0,75.0,120.0,314.0,243.0,157.0,10.0,26.0,18.0,29524.0,2556.0,2309.0,247.0,27554.0,33482.0,,55380.0,18750.0,30000.0,21161.0,,58598.0,,,,,,10125.0,48696.0,20000.0,,8750.0,6706.0,32422.0,2309.0,45.0,43.0,39.0,89.0,104.0,111.0,3.0,138.0,0.0,12.0,3.0,0.0,0.0,69.0,563.0,730.0,45.0,123.0,119.0,73.0,945.0,6116.0,25.0,41.0,0.0,9.0,307.0,6822.0,930.0,86.9546921026792,1.9392930216385837,35.81147426006452,32.192453359517465,3.4647215598260623,25.92228924112779,0.015149389816243513,2.03342375548695,-1.81960485922604,519.93,13.71146115823284,1.1370837377322522,3.8530286147129895
4523,28119,quitman,28,MS,SERC,cn,,0.4931057804585695,0.810264991121357,0.6516853857899633,21516.06845845859,35354.92324232494,28435.49585039177,102.73195885988034,168.80781575115674,135.76988730551852,0.0,0.0,0.0,0.0,0.0,0.0,2.011705569180298,0.014569842413825,-1.8365451454967443,29.139684827650072,1.4644848501672367,,,4.332762917422575,3.051491768324861,0.4845122027455328,,,2.227392550459184,0.0239409751455335,-1.6208581642178583,47.88195029106701,1.680171831446123,,,4.548449898701461,5.014171499407877,0.7001991840244189,,,2.132803457520216,0.0192554087796792,-1.7154472571568264,38.510817559358536,1.5855827385071546,,,4.453860805762493,4.032831633866369,0.6056100910854508,,,,,,"Quitman County, Mississippi",7038.0,0.0,0.0,0.0,0.0,0.0,9.0,6.0,0.0,3.0,0.0,7.0,7.0,0.0,0.0,0.0,0.0,0.0,5.0,0.0,5.0,5.0,0.0,0.0,0.0,1213.0,1597.0,1414.0,339.0,191.0,21.0,2330.0,0.0,3022.0,625.0,329.0,322.0,266.0,202.0,170.0,86.0,121.0,46.0,195.0,213.0,267.0,107.0,21.0,43.0,9.0,24233.0,2811.0,2371.0,440.0,24548.0,27813.0,,26979.0,28547.0,34886.0,14970.0,28833.0,3750.0,,41250.0,,61016.0,,13750.0,21146.0,26449.0,20893.0,13472.0,12049.0,27065.0,2371.0,107.0,6.0,157.0,251.0,21.0,275.0,178.0,8.0,2.0,42.0,25.0,21.0,0.0,90.0,236.0,221.0,135.0,155.0,113.0,328.0,1909.0,5150.0,0.0,19.0,0.0,5.0,73.0,6965.0,1802.0,74.39613526570048,1.8715503753795453,39.926115373685704,27.621483375959077,6.251776072747941,33.10599602159704,0.0029838022165387893,1.3222192947339193,-2.5252299677652537,405.01,17.377348707439324,1.239983516096348,3.8474492624991727
4666,30011,carter,30,MT,WECC,cn,,0.4301959218715259,0.7833172613861007,0.6067565916288132,16683.763412245127,30378.43736137583,23531.10038681048,79.65933459469625,145.04677670373474,112.35305564921548,0.0,0.0,0.0,0.0,0.0,0.0,1.9012366743673264,0.0643451814173636,-1.191483970316773,128.69036283472738,2.1095460253472083,,,4.222294022609604,13.47638401635309,1.1295733779255044,,,2.1615080821539494,0.1171621782744222,-0.9312125625301496,234.3243565488445,2.3698174331338318,,,4.482565430396226,24.53831773939889,1.3898447857121274,,,2.050584888357702,0.0907536798458929,-1.0421357563263975,181.50735969178592,2.258894239337584,,,4.371642236599979,19.007350877875997,1.2789215919158798,,,,,,"Carter County, Montana",1305.0,3.0,3.0,0.0,0.0,0.0,0.0,0.0,0.0,0.0,0.0,0.0,0.0,0.0,0.0,0.0,0.0,0.0,0.0,0.0,0.0,0.0,0.0,0.0,3.0,75.0,297.0,400.0,175.0,32.0,3.0,185.0,1.0,650.0,24.0,65.0,57.0,41.0,39.0,39.0,14.0,68.0,3.0,61.0,56.0,102.0,29.0,15.0,23.0,14.0,42300.0,658.0,643.0,15.0,28917.0,27348.0,24625.0,35500.0,,,29375.0,32679.0,50000.0,,21607.0,,24375.0,,,36250.0,21786.0,26250.0,18984.0,2499.0,31500.0,643.0,302.0,17.0,62.0,4.0,0.0,26.0,29.0,20.0,3.0,17.0,0.0,12.0,0.0,0.0,26.0,30.0,4.0,27.0,24.0,40.0,1288.0,0.0,33.0,0.0,0.0,16.0,0.0,1305.0,1256.0,3.7547892720306564,0.5745855683542145,28.50574712643678,46.513409961685824,1.1494252873563218,14.17624521072797,0.0022988505747126436,0.47712125471966244,-2.6384892569546374,3340.75,0.3906308463668338,-0.4082334654056614,3.1156105116742996
4679,30037,golden valley,30,MT,WECC,cn,,0.4146039371735952,0.7771424485589986,0.5958731928662969,12599.723833903508,23617.19065718161,18108.45724554256,60.15942517795648,112.76410760933912,86.46176639364779,0.0,0.0,0.0,0.0,0.0,0.0,1.7793036779287614,0.072832233871618,-1.1376763693916208,145.66446774323603,2.1633536262723605,,,4.100361026171039,15.253902946614415,1.1833809788506564,,,2.052170887344816,0.1365182900839456,-0.8648091599755665,273.0365801678913,2.4362208356884145,,,4.373228235587093,28.592240505062488,1.4562481882667109,,,1.9368241038228684,0.1046752619777818,-0.9801559434975138,209.3505239555637,2.3208740521664675,,,4.257881452065146,21.923071725838447,1.3409014047447634,,,,,,"Golden Valley County, Montana",814.0,10.0,0.0,10.0,0.0,0.0,0.0,0.0,0.0,0.0,0.0,0.0,0.0,0.0,0.0,0.0,0.0,0.0,7.0,0.0,3.0,3.0,4.0,0.0,10.0,49.0,234.0,217.0,103.0,36.0,17.0,135.0,0.0,361.0,37.0,18.0,2.0,24.0,31.0,26.0,9.0,22.0,15.0,40.0,34.0,42.0,24.0,8.0,7.0,22.0,49028.0,367.0,359.0,8.0,28625.0,48750.0,46563.0,32083.0,21875.0,48125.0,21250.0,50833.0,,,,,17188.0,,,21429.0,22188.0,,15000.0,12500.0,15500.0,359.0,110.0,15.0,28.0,11.0,9.0,23.0,12.0,0.0,0.0,1.0,1.0,7.0,0.0,2.0,42.0,29.0,1.0,40.0,8.0,20.0,795.0,12.0,48.0,8.0,0.0,19.0,87.0,727.0,687.0,15.601965601965606,1.1931793160667556,34.76658476658477,43.73464373464373,0.9828009828009828,16.584766584766587,0.020884520884520884,1.2304489213782739,-1.6801754835109273,1175.34,0.6925655554988345,-0.15953911173078786,2.910624404889201
4695,30069,petroleum,30,MT,WECC,cn,,0.3736335042180412,0.758655055936907,0.5661442800774741,43730.98155073476,88794.84810652203,66262.9148286284,208.800664779727,423.9654052161372,316.3830349979321,0.0,0.0,0.0,0.0,0.0,0.0,2.319731877039552,0.4070188397265634,-0.3903854880722645,814.0376794531268,2.9106445075917167,,,4.640789225281829,85.24557807160772,1.9306718601700128,,,2.62733042042128,0.8264432850217099,-0.0827869446905363,1652.88657004342,3.2182430509734448,,,4.948387768663557,173.08937252733338,2.238270403551741,,,2.5002131878334857,0.6167310623741367,-0.2099041772783305,1233.4621247482733,3.0911258183856507,,,4.821270536075764,129.16747529947057,2.111153170963947,,,,,,"Petroleum County, Montana",464.0,0.0,0.0,0.0,0.0,0.0,11.0,0.0,0.0,11.0,0.0,0.0,0.0,0.0,0.0,0.0,0.0,0.0,0.0,0.0,0.0,0.0,0.0,0.0,0.0,5.0,135.0,121.0,77.0,17.0,11.0,55.0,0.0,212.0,2.0,16.0,22.0,14.0,9.0,31.0,12.0,5.0,7.0,11.0,17.0,23.0,25.0,10.0,2.0,6.0,40000.0,258.0,249.0,9.0,33875.0,26964.0,,,,,50682.0,4444.0,,,,,,,,30938.0,,,,,23333.0,249.0,140.0,1.0,14.0,0.0,0.0,38.0,14.0,0.0,2.0,2.0,0.0,0.0,0.0,0.0,21.0,4.0,2.0,5.0,0.0,6.0,449.0,0.0,0.0,15.0,0.0,0.0,0.0,464.0,449.0,3.2327586206896575,0.5095732785008007,30.17241379310345,46.33620689655172,1.9396551724137931,11.85344827586207,0.023706896551724137,1.0413926851582251,-1.625125295396656,1654.87,0.28038456192933586,-0.5522459024510208,2.6665179805548807
4712,30103,treasure,30,MT,WECC,cn,,0.4866588927794646,0.8056779988914995,0.646168445835482,4084.039578341618,6761.246704194211,5422.643141267914,19.49990941673977,32.2826690943956,25.891289255567685,0.0,0.0,0.0,0.0,0.0,0.0,1.2900325939316748,0.0287185705695725,-1.5418371803488269,57.437141139145126,1.7591928153151544,,,3.611089942173952,6.01478582966365,0.7792201678934503,,,1.508969434508732,0.0475444316559581,-1.3229003397717696,95.08886331191636,1.978129655892212,,,3.8300267827510095,9.95765346714906,0.9981570084705078,,,1.4131536766472346,0.0381315011127653,-1.4187160976332671,76.26300222553073,1.882313898030714,,,3.734211024889512,7.986219648406354,0.9023412506090102,,,,,,"Treasure County, Montana",614.0,0.0,0.0,0.0,0.0,0.0,0.0,0.0,0.0,0.0,0.0,0.0,0.0,0.0,0.0,0.0,0.0,0.0,0.0,0.0,0.0,0.0,0.0,0.0,0.0,45.0,168.0,158.0,125.0,21.0,0.0,68.0,0.0,333.0,31.0,12.0,12.0,18.0,24.0,37.0,15.0,20.0,10.0,21.0,63.0,23.0,15.0,7.0,10.0,15.0,44671.0,323.0,319.0,4.0,33393.0,36477.0,,45000.0,,,12000.0,29438.0,76875.0,7778.0,60500.0,,,,,40357.0,28542.0,,,,36944.0,319.0,127.0,3.0,14.0,0.0,9.0,12.0,45.0,9.0,20.0,8.0,0.0,1.0,0.0,1.0,24.0,19.0,2.0,7.0,0.0,18.0,608.0,0.0,1.0,5.0,0.0,0.0,2.0,612.0,606.0,1.3029315960912058,0.1149216158507761,34.69055374592834,49.5114006514658,0.6514657980456027,11.074918566775244,0.0,-inf,-inf,977.4,0.6281972580315122,-0.20190396355098533,2.788168371141168
4721,31009,blaine,31,NE,MRO,cn,,0.4392743657157816,0.7839626188101131,0.6116184922629473,19476.35007448375,34758.98345302937,27117.66676375656,92.99299258391709,165.96240456299842,129.47769857345773,0.0,0.0,0.0,0.0,0.0,0.0,1.9684502238571997,0.1953634297981451,-0.7091567288632938,390.7268595962903,2.5918732668006874,,,4.289507572099477,40.91670183715074,1.611900619378983,,,2.2200097185218213,0.3486605137878118,-0.457597234198672,697.3210275756236,2.843432761465309,,,4.541067066764098,73.02307448115413,1.863460114043605,,,2.1121949713473827,0.2720119717929784,-0.5654119813731106,544.0239435859569,2.735618014290871,,,4.43325231958966,56.96988815915243,1.7556453668691667,,,,,,"Blaine County, Nebraska",467.0,0.0,0.0,0.0,0.0,0.0,0.0,0.0,0.0,0.0,0.0,0.0,0.0,0.0,0.0,0.0,0.0,0.0,0.0,0.0,0.0,0.0,0.0,0.0,0.0,22.0,151.0,116.0,50.0,37.0,0.0,19.0,0.0,237.0,7.0,3.0,1.0,30.0,6.0,9.0,6.0,23.0,16.0,41.0,51.0,28.0,2.0,4.0,10.0,0.0,55268.0,268.0,268.0,0.0,40313.0,25750.0,,26042.0,52500.0,,18958.0,70508.0,,,,,,,,41771.0,90179.0,,,,48750.0,268.0,88.0,0.0,11.0,14.0,0.0,23.0,51.0,0.0,0.0,0.0,2.0,4.0,0.0,5.0,33.0,13.0,2.0,3.0,9.0,10.0,467.0,0.0,0.0,0.0,0.0,0.0,0.0,467.0,467.0,0.0,1.0,37.04496788008566,43.46895074946467,0.0,4.068522483940043,0.0,-inf,-inf,710.87,0.6569414942253858,-0.1824733060360549,2.6693168805661123
4741,31049,deuel,31,NE,MRO,cn,,0.4425436158373045,0.7855367807539951,0.6140401982956498,29969.92606895376,53198.09935366067,41584.012711307216,143.09627327566062,254.0029543397176,198.5496138076891,0.0,0.0,0.0,0.0,0.0,0.0,2.155628323369199,0.0784089168633756,-1.1056345454232943,156.81783372675136,2.195395450240687,,,4.4766856716114765,16.421877298056852,1.2154228028189829,,,2.4048387679820458,0.1391797010080644,-0.856424100810448,278.35940201612885,2.444605894853533,,,4.725896116224323,29.1496434814579,1.464633247431829,,,2.297869046668838,0.10879430893572,-0.9633938221236554,217.5886178714401,2.337636173540326,,,4.618926394911116,22.785760389757375,1.3576635261186218,,,,,,"Deuel County, Nebraska",1770.0,1.0,0.0,1.0,0.0,0.0,6.0,0.0,0.0,6.0,0.0,0.0,0.0,0.0,0.0,0.0,0.0,0.0,10.0,0.0,10.0,10.0,0.0,0.0,0.0,132.0,382.0,518.0,202.0,68.0,17.0,144.0,0.0,823.0,37.0,25.0,41.0,62.0,38.0,48.0,61.0,52.0,60.0,84.0,144.0,91.0,36.0,17.0,5.0,22.0,48958.0,902.0,865.0,37.0,32472.0,38281.0,,30278.0,40000.0,42000.0,40769.0,48393.0,,6250.0,43438.0,,76250.0,,11600.0,11800.0,33000.0,,21250.0,56750.0,29479.0,865.0,81.0,0.0,58.0,38.0,20.0,112.0,71.0,6.0,6.0,29.0,0.0,24.0,0.0,56.0,96.0,142.0,10.0,44.0,23.0,49.0,1717.0,4.0,50.0,21.0,10.0,6.0,166.0,1604.0,1538.0,13.107344632768358,1.117514718529093,29.039548022598872,44.51977401129943,2.0903954802259888,8.135593220338983,0.0096045197740113,1.2304489213782739,-2.0175243449835327,439.85,4.0240991247016025,0.6046686700550057,3.247973266361807
4768,31103,keya paha,31,NE,MRO,cn,,0.545548775186053,0.8209326413270931,0.683240708256573,22512.441009484075,33876.34342013386,28194.39221480897,107.48930122094832,161.74809655767797,134.61869888931315,0.0,0.0,0.0,0.0,0.0,0.0,2.0313652395824646,0.1327028410135164,-0.8771197792961853,265.4056820270329,2.423910216367796,,,4.352422587824742,27.793137048745773,1.443937568946092,,,2.208839178618258,0.1996890080958987,-0.6996458402603913,399.3780161917975,2.60138415540359,,,4.529896526860536,41.82264619769612,1.621411507981886,,,2.1291053887172184,0.1661959245547076,-0.7793796301614314,332.3918491094152,2.5216503655025497,,,4.450162736959496,34.807891623220954,1.541677718080846,,,,,,"Keya Paha County, Nebraska",875.0,0.0,0.0,0.0,0.0,0.0,0.0,0.0,0.0,0.0,0.0,0.0,0.0,0.0,0.0,0.0,0.0,0.0,0.0,0.0,0.0,0.0,0.0,1.0,1.0,26.0,187.0,240.0,102.0,53.0,1.0,61.0,1.0,349.0,21.0,13.0,22.0,29.0,11.0,16.0,12.0,12.0,17.0,42.0,41.0,31.0,19.0,19.0,19.0,25.0,55250.0,452.0,452.0,0.0,30455.0,39250.0,,23359.0,34375.0,38500.0,15000.0,28125.0,41875.0,11875.0,33750.0,,,,,51250.0,31250.0,22292.0,,9545.0,,452.0,173.0,0.0,41.0,16.0,8.0,20.0,13.0,13.0,13.0,8.0,2.0,0.0,0.0,0.0,49.0,41.0,11.0,2.0,36.0,6.0,874.0,1.0,3.0,0.0,0.0,8.0,11.0,864.0,863.0,1.3714285714285679,0.13717319302531047,24.342857142857145,45.14285714285714,0.0,6.9714285714285715,0.001142857142857143,0.0,-2.942008053022313,773.07,1.131850931998396,0.05378923279437235,2.942008053022313
4774,31115,loup,31,NE,MRO,cn,,0.545548775186053,0.820932641327093,0.683240708256573,7504.147003161357,11292.114473377953,9398.130738269654,35.82976707364944,53.91603218589265,44.87289962977104,0.0,0.0,0.0,0.0,0.0,0.0,1.554243984862802,0.0579769693748372,-1.2367444902260138,115.95393874967456,2.0642855054379674,,,3.87530133310508,12.142632691199609,1.084312858016263,,,1.7317179238985958,0.0872427705273343,-1.0592705511902198,174.48554105466877,2.2417594444737614,,,4.052775272140873,18.27202989219733,1.261786797052057,,,1.6519841339975558,0.0726098699510858,-1.13900434109126,145.21973990217165,2.162025654572721,,,3.973041482239833,15.20733129169847,1.1820530071510171,,,,,,"Loup County, Nebraska",690.0,0.0,0.0,0.0,0.0,0.0,0.0,0.0,0.0,0.0,0.0,0.0,0.0,0.0,0.0,0.0,0.0,0.0,23.0,0.0,23.0,23.0,0.0,0.0,0.0,9.0,178.0,211.0,81.0,22.0,23.0,61.0,0.0,316.0,8.0,15.0,22.0,23.0,14.0,46.0,5.0,17.0,18.0,25.0,48.0,39.0,13.0,12.0,11.0,0.0,46111.0,365.0,365.0,0.0,33700.0,33036.0,,39250.0,25833.0,18750.0,37500.0,54375.0,,,33750.0,,,,55682.0,55536.0,33750.0,,6563.0,21250.0,28125.0,365.0,118.0,0.0,36.0,14.0,13.0,22.0,16.0,0.0,10.0,9.0,0.0,5.0,0.0,16.0,19.0,45.0,4.0,18.0,7.0,13.0,687.0,9.0,3.0,0.0,0.0,49.0,58.0,632.0,620.0,10.144927536231885,1.0062489492770015,27.10144927536232,45.507246376811594,0.0,8.840579710144928,0.03333333333333333,1.3617278360175928,-1.4771212547196624,568.29,1.2141688222562426,0.08427907675310825,2.838849090737255
4798,31165,sioux,31,NE,MRO,cn,,0.4608448236759535,0.7919648763312518,0.6264048500036026,37761.528559077895,64893.43648654637,51327.48252281213,180.298543198412,309.8442385179944,245.0713908582032,0.0,0.0,0.0,0.0,0.0,0.0,2.255992217662796,0.151894307665048,-0.8184585012917949,303.78861533009604,2.4825714943721864,,,4.577049565905074,31.81257671362923,1.5025988469504823,,,2.4911434249552595,0.2610313719612421,-0.5833072939993315,522.0627439224843,2.7177227016646497,,,4.812200773197537,54.67012340905339,1.7377500542429456,,,2.3892926155458,0.206462839813145,-0.6851581034087915,412.9256796262901,2.6158718922551896,,,4.710349963788077,43.24135006134131,1.635899244833486,,,,,,"Sioux County, Nebraska",1298.0,3.0,3.0,0.0,0.0,0.0,0.0,0.0,0.0,0.0,0.0,0.0,0.0,0.0,0.0,0.0,0.0,0.0,34.0,34.0,0.0,0.0,0.0,0.0,3.0,41.0,232.0,351.0,171.0,56.0,3.0,105.0,13.0,530.0,13.0,30.0,29.0,16.0,42.0,19.0,17.0,68.0,57.0,22.0,62.0,62.0,44.0,9.0,38.0,2.0,47422.0,653.0,636.0,17.0,31161.0,29261.0,,40750.0,43988.0,56250.0,4260.0,23750.0,110000.0,,35469.0,,21042.0,,47083.0,58750.0,26250.0,,7083.0,12917.0,40208.0,636.0,225.0,4.0,7.0,31.0,14.0,69.0,11.0,18.0,10.0,17.0,2.0,23.0,0.0,27.0,50.0,52.0,6.0,10.0,21.0,39.0,1201.0,40.0,13.0,0.0,0.0,53.0,54.0,1244.0,1191.0,8.243451463790452,0.9161090852208594,21.03235747303544,44.53004622496148,1.3097072419106317,8.089368258859784,0.0023112480739599386,0.47712125471966244,-2.636153437744688,2066.74,0.6280422307595538,-0.20201115249019408,3.1132746924643504
4814,32011,eureka,32,NV,WECC,cn,,0.3870122219225061,0.7700231288696702,0.5785176753960881,29627.850687917733,58949.37936343012,44288.615025673935,141.46297888270868,281.4633736303529,211.4631762565308,0.0,0.0,0.0,0.0,0.0,0.0,2.1506427990786863,0.0706255511146823,-1.15103815021489,141.25110222936462,2.149991845449091,,,4.471700147320964,14.791737737352838,1.1700191980273875,,,2.449421888831639,0.1405209054569909,-0.8522590604619373,281.041810913982,2.448770935202044,,,4.770479237073916,29.430543865916185,1.4687982877803398,,,2.325234751186487,0.1055732282858366,-0.9764461981070895,211.1464565716733,2.324583797556892,,,4.646292099428764,22.11114080163452,1.3446111501351878,,,,,,"Eureka County, Nevada",1839.0,12.0,12.0,0.0,0.0,0.0,19.0,8.0,0.0,11.0,0.0,0.0,0.0,0.0,0.0,0.0,0.0,0.0,1.0,1.0,0.0,0.0,0.0,15.0,27.0,61.0,535.0,479.0,114.0,28.0,39.0,336.0,16.0,661.0,25.0,59.0,48.0,0.0,39.0,0.0,18.0,28.0,13.0,11.0,90.0,141.0,64.0,33.0,44.0,48.0,67478.0,787.0,787.0,0.0,54013.0,26548.0,86167.0,53385.0,98500.0,,19355.0,,117875.0,,,,,,,6058.0,,,,,54348.0,787.0,130.0,236.0,45.0,30.0,0.0,46.0,0.0,46.0,0.0,0.0,0.0,30.0,0.0,14.0,122.0,22.0,0.0,5.0,11.0,50.0,1742.0,1.0,68.0,11.0,0.0,17.0,91.0,1748.0,1669.0,9.24415443175639,0.9658671921401966,32.408917890157696,33.768352365415986,0.0,18.270799347471453,0.021207177814029365,1.591064607026499,-1.6735171222115783,4175.68,0.44040731090505014,-0.3561454802103514,3.2645817292380777
4821,32027,pershing,32,NV,WECC,cn,,0.3870122219225061,0.7700231288696702,0.5785176753960882,19751.900458611817,39299.586242286736,29525.74335044928,94.30865258847244,187.6422490869019,140.97545083768716,0.0,0.0,0.0,0.0,0.0,0.0,1.974551540023005,0.0141477126595368,-1.8493137693015065,28.295425319073637,1.451716226362475,,,4.295608888265282,2.9630813769294657,0.471743578940771,,,2.2733306297759577,0.0281491522782631,-1.5505346795485535,56.29830455652622,1.7504953161154275,,,4.594387978018235,5.895527489091919,0.7705226686937235,,,2.149143492130805,0.0211484324688999,-1.674721817193706,42.29686493779993,1.626308178470275,,,4.470200840373082,4.429304433010692,0.6463355310485713,,,,,,"Pershing County, Nevada",6591.0,12.0,7.0,0.0,0.0,5.0,116.0,30.0,0.0,78.0,8.0,5.0,0.0,1.0,0.0,0.0,0.0,0.0,503.0,0.0,503.0,458.0,0.0,0.0,20.0,898.0,2113.0,1602.0,229.0,301.0,597.0,453.0,15.0,2009.0,190.0,68.0,88.0,79.0,114.0,58.0,115.0,96.0,81.0,174.0,280.0,248.0,238.0,41.0,107.0,32.0,57074.0,2386.0,2177.0,209.0,39933.0,75714.0,71559.0,31771.0,31369.0,6510.0,30417.0,71458.0,,,,,,,,80042.0,23882.0,24432.0,13036.0,30469.0,41111.0,2177.0,80.0,442.0,259.0,193.0,29.0,167.0,100.0,0.0,45.0,0.0,1.0,56.0,0.0,8.0,172.0,291.0,51.0,106.0,29.0,148.0,5283.0,288.0,501.0,146.0,16.0,757.0,1618.0,4973.0,4244.0,35.60916401153088,1.5515617779584199,45.68350781368533,32.34714003944773,3.1709907449552417,6.873008648156577,0.09057806099226218,2.775974331129369,-1.0429769805108036,6036.56,1.091847012205627,0.03816179000834144,3.8189513116401725
5303,41069,wheeler,41,OR,WECC,cn,,0.5264297000380612,0.8213439906371006,0.6738868453375809,5786.294734694628,9027.869073596945,7407.081904145785,27.627602774339564,43.10502525365127,35.36631401399542,0.0,0.0,0.0,0.0,0.0,0.0,1.4413432031560085,0.0202251850471007,-1.6941074961895055,40.45037009420141,1.6069224994744755,,,3.7624005513982857,4.235940508561221,0.626949852052772,,,1.6345279038662948,0.0315556553833464,-1.5009227954792188,63.11131076669294,1.8001072001847624,,,3.955585252108572,6.6089817522671614,0.8201345527630584,,,1.5485897986668975,0.0258904202152235,-1.586860900678616,51.78084043044717,1.7141690949853652,,,3.869647146909175,5.422461130414192,0.7341964475636613,,,,,,"Wheeler County, Oregon",1417.0,11.0,5.0,5.0,0.0,1.0,9.0,4.0,0.0,4.0,1.0,0.0,0.0,0.0,0.0,0.0,0.0,0.0,26.0,0.0,25.0,25.0,1.0,1.0,13.0,74.0,362.0,460.0,139.0,70.0,35.0,207.0,0.0,669.0,43.0,48.0,50.0,25.0,56.0,51.0,26.0,28.0,81.0,73.0,66.0,41.0,50.0,14.0,12.0,5.0,45354.0,527.0,504.0,23.0,29250.0,26250.0,,43182.0,23750.0,,19583.0,58438.0,,,,,48000.0,,27500.0,25515.0,44231.0,18125.0,11310.0,42917.0,34444.0,504.0,94.0,0.0,38.0,14.0,2.0,17.0,14.0,4.0,9.0,6.0,3.0,8.0,0.0,24.0,67.0,58.0,13.0,46.0,11.0,76.0,1363.0,9.0,48.0,12.0,1.0,60.0,127.0,1290.0,1216.0,14.184897671136198,1.1518262071730283,30.76923076923077,47.21242060691602,1.6231474947071278,14.60832745236415,0.024700070571630206,1.5440680443502757,-1.6073018058971849,1714.75,0.8263595276279341,-0.08283096128306411,3.1513698502474603
5458,46075,jones,46,SD,MRO,cn,,0.4915129364160507,0.8062390183858753,0.6488759774009629,44388.5329986512,72811.44527624057,58599.98913744588,211.94025082566424,347.65005582172444,279.7951533236943,0.0,0.0,0.0,0.0,0.0,0.0,2.3262134439757323,0.2283838909759313,-0.6413345322431298,456.76778195186256,2.659695463420852,,,4.647270792218009,47.83247090371896,1.6797228159991475,,,2.541142303455749,0.3746229049803065,-0.4264056727631129,749.245809960613,2.874624322900868,,,4.862199651698027,78.46060913387993,1.8946516754791645,,,2.4468401872715857,0.3015033979781188,-0.5207077889472765,603.0067959562377,2.7803222067167046,,,4.767897535513863,63.14654001879944,1.8003495592950007,,,,,,"Jones County, South Dakota",873.0,6.0,0.0,6.0,0.0,0.0,0.0,0.0,0.0,0.0,0.0,0.0,0.0,0.0,0.0,0.0,0.0,0.0,0.0,0.0,0.0,0.0,0.0,0.0,6.0,22.0,264.0,164.0,141.0,45.0,6.0,120.0,0.0,419.0,30.0,13.0,5.0,36.0,28.0,34.0,7.0,16.0,71.0,38.0,40.0,55.0,24.0,14.0,4.0,4.0,46688.0,450.0,439.0,11.0,34926.0,24583.0,,44583.0,21667.0,,23929.0,63438.0,41250.0,,,,,,,38889.0,,,4605.0,41250.0,45132.0,439.0,94.0,0.0,42.0,16.0,7.0,58.0,10.0,18.0,0.0,7.0,0.0,5.0,0.0,3.0,30.0,21.0,7.0,58.0,7.0,56.0,756.0,15.0,110.0,0.0,0.0,5.0,0.0,873.0,743.0,14.89117983963345,1.1729291086012672,32.76059564719358,40.09163802978236,1.2600229095074456,13.745704467353953,0.006872852233676976,0.7781512503836436,-2.162862993321926,969.68,0.900297005197591,-0.04561419451651331,2.9410142437055695
5468,46095,mellette,46,SD,MRO,cn,,0.4357256852712436,0.7824684382489107,0.6090970617600772,81867.32112391744,147015.87964358035,114441.60038374893,390.88880396104753,701.9511640081205,546.4199839845841,0.0,0.0,0.0,0.0,0.0,0.0,2.592053231323598,0.1914244877380252,-0.7180025064272935,382.8489754760504,2.583027489236688,,,4.913110579565875,40.0917341449155,1.603054841814984,,,2.846306898540695,0.3437566914829189,-0.4637488392101964,687.5133829658379,2.837281156453785,,,5.167364246782972,71.99602333182192,1.857308509032081,,,2.7375265742304378,0.2675905896104721,-0.5725291635204536,535.1811792209442,2.728500832143528,,,5.058583922472716,56.04387873836871,1.7485281847218237,,,,,,"Mellette County, South Dakota",2065.0,0.0,0.0,0.0,0.0,0.0,0.0,0.0,0.0,0.0,0.0,0.0,0.0,0.0,0.0,0.0,0.0,0.0,0.0,0.0,0.0,0.0,0.0,0.0,0.0,237.0,519.0,384.0,138.0,36.0,0.0,936.0,0.0,675.0,132.0,64.0,29.0,46.0,36.0,39.0,14.0,45.0,48.0,29.0,16.0,115.0,33.0,22.0,0.0,7.0,33882.0,665.0,598.0,67.0,32262.0,32000.0,,36392.0,,,22143.0,,64167.0,,,,,,,41319.0,14643.0,,6790.0,22604.0,33438.0,598.0,48.0,0.0,49.0,7.0,2.0,42.0,8.0,18.0,15.0,0.0,0.0,4.0,0.0,5.0,100.0,110.0,2.0,81.0,31.0,76.0,802.0,29.0,1263.0,2.0,0.0,0.0,7.0,2058.0,791.0,61.694915254237294,1.790249372006912,36.610169491525426,27.021791767554483,3.2445520581113803,45.326876513317195,0.0,-inf,-inf,1307.31,1.5795794417544424,0.1985414727533492,3.31492005599242
5487,46137,ziebach,46,SD,MRO,cn,,0.424863910409586,0.777634877471346,0.6012493939404661,12287.36039901132,22489.742631046134,17388.55151502873,58.66799529128217,107.38092413131534,83.02445971129876,0.0,0.0,0.0,0.0,0.0,0.0,1.768401248454805,0.0213960595518899,-1.6696662019986888,42.79211910377984,1.6313637936652925,,,4.089458596697082,4.481167176882319,0.6513911462435886,,,2.030927137226435,0.0391615332353447,-1.407140313227059,78.32306647068953,1.893889682436922,,,4.351984485468712,8.201948443124047,0.913917035015218,,,1.919206058071506,0.0302787963936173,-1.5188613923819878,60.55759278723469,1.7821686032819934,,,4.240263406313783,6.341557810003184,0.8021959558602895,,,,,,"Ziebach County, South Dakota",2767.0,3.0,0.0,3.0,0.0,0.0,0.0,0.0,0.0,0.0,0.0,0.0,0.0,0.0,0.0,0.0,0.0,0.0,8.0,0.0,8.0,0.0,0.0,0.0,3.0,203.0,682.0,491.0,222.0,42.0,3.0,1182.0,8.0,775.0,106.0,70.0,55.0,24.0,53.0,64.0,38.0,36.0,21.0,47.0,32.0,51.0,74.0,21.0,20.0,63.0,36615.0,1402.0,976.0,426.0,31972.0,37692.0,,41875.0,6250.0,,28333.0,75179.0,,,58214.0,30781.0,51750.0,,26250.0,30804.0,33646.0,31964.0,8000.0,26250.0,34375.0,976.0,232.0,0.0,13.0,14.0,4.0,72.0,21.0,4.0,0.0,10.0,23.0,17.0,0.0,15.0,209.0,105.0,21.0,28.0,18.0,170.0,680.0,2.0,2091.0,0.0,3.0,83.0,93.0,2674.0,661.0,76.11131189013372,1.8814492077085156,31.984098301409468,27.28586917238887,15.395735453559812,42.71774485001807,0.0010842067220816769,0.47712125471966244,-2.9648879044212895,1961.27,1.4108205397523033,0.14947177381665314,3.442009159140952
5712,48261,kenedy,48,TX,TRE,cn,,0.5329730387758687,0.8169019551920511,0.6749374969839598,27566.344545227494,42251.66963082348,34909.007088025486,131.61998341868437,201.7374500669335,166.67871674280892,0.0,0.0,0.0,0.0,0.0,0.0,2.119321831752122,0.2977827679155755,-0.5261004375969696,595.565535831151,2.7749295580670115,,,4.4403791799944,62.36729535119343,1.7949569106453076,,,2.304786527105597,0.4564195702871798,-0.3406357422434949,912.8391405743596,2.9603942534204863,,,4.625843875347874,95.59201273941964,1.9804216059987825,,,2.221880148170756,0.3771011691013776,-0.4235421211783362,754.2023382027553,2.877487874485645,,,4.542937496413033,78.97965404530653,1.897515227063941,,,,,,"Kenedy County, Texas",391.0,0.0,0.0,0.0,0.0,0.0,1.0,0.0,1.0,0.0,0.0,0.0,0.0,0.0,0.0,0.0,0.0,0.0,97.0,0.0,97.0,97.0,0.0,0.0,0.0,211.0,39.0,16.0,1.0,3.0,98.0,8.0,1.0,129.0,0.0,4.0,10.0,18.0,10.0,11.0,11.0,15.0,13.0,11.0,12.0,14.0,0.0,0.0,0.0,0.0,40083.0,154.0,154.0,0.0,31447.0,30592.0,,,,,,,,,,,,,,,,,,,,154.0,59.0,0.0,14.0,14.0,0.0,25.0,0.0,0.0,0.0,0.0,0.0,0.0,0.0,0.0,14.0,13.0,0.0,0.0,1.0,14.0,389.0,0.0,0.0,1.0,0.0,26.0,378.0,13.0,12.0,96.9309462915601,1.9864624525722054,63.9386189258312,5.115089514066496,0.0,2.0460358056265986,0.2506393861892583,1.9912260756924949,-0.600950681703372,1458.33,0.26811489854833953,-0.5716790525685669,2.5921767573958667
5735,48311,mcmullen,48,TX,TRE,cn,,0.486153436009362,0.8045893304314254,0.6453713832203938,128773.4657027782,213121.51447004723,170947.4900864127,614.8497996445656,1017.5832401241948,816.2165198843802,0.0,0.0,0.0,0.0,0.0,0.0,2.788769035852668,0.8208942585374707,-0.0857127818467984,1641.7885170749414,3.215317213817183,,,5.109826384094945,171.92719052440347,2.235344566395479,,,3.0075699454136937,1.3585891056397794,0.133088127714227,2717.178211279559,3.4341181233782083,,,5.328627293655971,284.54140783717924,2.4541454759565045,,,2.911805380466685,1.0897416820886252,0.0373235627672185,2179.48336417725,3.3383535584312,,,5.232862728708962,228.2342991807913,2.358380911009496,,,,,,"McMullen County, Texas",724.0,10.0,0.0,3.0,0.0,7.0,0.0,0.0,0.0,0.0,0.0,0.0,0.0,0.0,0.0,0.0,0.0,0.0,27.0,0.0,27.0,27.0,0.0,0.0,3.0,51.0,210.0,131.0,47.0,21.0,29.0,76.0,0.0,229.0,6.0,32.0,3.0,3.0,2.0,0.0,14.0,3.0,10.0,23.0,34.0,32.0,19.0,8.0,21.0,19.0,67386.0,309.0,293.0,16.0,38472.0,82941.0,105125.0,31094.0,,,18333.0,,,,,,,,10568.0,38750.0,,,35625.0,,47500.0,293.0,38.0,29.0,19.0,10.0,0.0,28.0,8.0,17.0,0.0,3.0,0.0,18.0,0.0,34.0,17.0,11.0,4.0,26.0,3.0,28.0,705.0,0.0,11.0,0.0,0.0,70.0,470.0,254.0,254.0,64.9171270718232,1.8123592917385705,36.049723756906076,27.486187845303867,2.209944751381215,10.497237569060774,0.04005524861878453,1.462397997898956,-1.3973405682981908,1139.43,0.6354054220092502,-0.19694908359346147,2.859738566197147
5848,49031,piute,49,UT,WECC,cn,,0.4874378869870425,0.8027915275011107,0.6451147072440766,22871.247224421844,37668.068045841566,30269.65763513171,109.20247969418214,179.85230081824136,144.52739025621176,0.0,0.0,0.0,0.0,0.0,0.0,2.0382325001386183,0.0755726503073924,-1.1216353469539482,151.145300614785,2.179394648710033,,,4.359289848380896,15.827852750464944,1.199422001288329,,,2.2549159980415165,0.1244652600818279,-0.90495184905105,248.93052016365584,2.3960781466129317,,,4.575973346283794,26.06786715975195,1.4161054991912272,,,2.1599501606556912,0.1000189551946102,-0.9999176864368754,200.03791038922043,2.301112309227106,,,4.481007508897968,20.94785995510845,1.321139661805402,,,,,,"Piute County, Utah",1870.0,0.0,0.0,0.0,0.0,0.0,0.0,0.0,0.0,0.0,0.0,0.0,0.0,0.0,0.0,0.0,0.0,0.0,17.0,0.0,17.0,17.0,0.0,0.0,0.0,97.0,405.0,539.0,218.0,69.0,11.0,351.0,0.0,590.0,28.0,117.0,61.0,53.0,43.0,12.0,23.0,41.0,16.0,24.0,47.0,54.0,30.0,25.0,11.0,5.0,29125.0,583.0,565.0,18.0,25048.0,44500.0,,26534.0,21667.0,42000.0,6033.0,47955.0,,,,,,,,30952.0,11800.0,,3606.0,45313.0,63750.0,565.0,56.0,0.0,57.0,20.0,18.0,65.0,18.0,10.0,1.0,2.0,2.0,5.0,0.0,4.0,164.0,72.0,0.0,41.0,7.0,23.0,1814.0,13.0,4.0,0.0,0.0,50.0,61.0,1809.0,1792.0,4.17112299465241,0.6202529961539818,26.844919786096256,44.17112299465241,0.9625668449197862,18.77005347593583,0.0058823529411764705,1.0413926851582251,-2.230448921378274,757.79,2.4677021338365512,0.3922927366261262,3.271841606536499
6142,55078,menominee,55,WI,MRO,cn,,0.4349553161289006,0.7844561535499458,0.6097057348394233,12923.80496918054,23308.505401388316,18116.155185284424,61.70680312578294,111.29023978538996,86.49852145558646,0.0,0.0,0.0,0.0,0.0,0.0,1.7903330472927603,0.0132474888634141,-1.8778664369059015,26.494977726828225,1.4231635587580795,,,4.111390395535038,2.7745394953157017,0.4431909113363756,,,2.0464570781423026,0.0238922799024023,-1.6217424060563592,47.78455980480462,1.679287589607622,,,4.36751442638458,5.003972821251248,0.699314942185918,,,1.9370086840062244,0.0185698843829082,-1.7311908001924374,37.13976876581643,1.5698391954715436,,,4.258066032248502,3.8892561582834735,0.5898665480498397,,,,,,"Menominee County, Wisconsin",4566.0,0.0,0.0,0.0,0.0,0.0,8.0,0.0,0.0,8.0,0.0,0.0,0.0,0.0,0.0,0.0,0.0,0.0,2.0,0.0,2.0,2.0,0.0,0.0,0.0,216.0,1134.0,807.0,257.0,187.0,10.0,1287.0,0.0,1400.0,105.0,90.0,70.0,101.0,99.0,108.0,29.0,49.0,82.0,136.0,91.0,141.0,112.0,41.0,88.0,58.0,47188.0,1646.0,1475.0,171.0,27572.0,27188.0,,45673.0,34583.0,,22969.0,22969.0,,,,,,,30714.0,32330.0,22773.0,22148.0,8750.0,,38664.0,1475.0,101.0,0.0,47.0,118.0,7.0,69.0,97.0,12.0,14.0,5.0,9.0,12.0,0.0,46.0,107.0,307.0,279.0,47.0,1.0,197.0,685.0,22.0,4069.0,21.0,0.0,4.0,331.0,4235.0,436.0,90.45116075339466,1.9564141445021845,29.56636005256242,27.398160315374508,3.7450722733245727,28.186596583442842,0.002190100744634253,1.0,-2.6595359071542166,357.61,12.768099326081485,1.1061262524998647,3.6595359071542166
